YEAR,MONTH,BENE_GEO_LVL,BENE_STATE_ABRVTN,BENE_STATE_DESC,BENE_COUNTY_DESC,BENE_FIPS_CD,TOT_BENES,ORGNL_MDCR_BENES,MA_AND_OTH_BENES,AGED_TOT_BENES,AGED_ESRD_BENES,AGED_NO_ESRD_BENES,DSBLD_TOT_BENES,DSBLD_ESRD_AND_ESRD_ONLY_BENES,DSBLD_NO_ESRD_BENES,A_B_TOT_BENES,A_B_ORGNL_MDCR_BENES,A_B_MA_AND_OTH_BENES,PRSCRPTN_DRUG_TOT_BENES,PRSCRPTN_DRUG_PDP_BENES,PRSCRPTN_DRUG_MAPD_BENES,PRSCRPTN_DRUG_DEEMED_ELIGIBLE_FULL_LIS_BENES,PRSCRPTN_DRUG_FULL_LIS_BENES,PRSCRPTN_DRUG_PARTIAL_LIS_BENES,PRSCRPTN_DRUG_NO_LIS_BENES
2023,Year,National,US,National,Total,     ,58457244,38667830,19789414,49678033,278642.0,49399391,8779211.0,258366.0,8520845.0,53008234,33242085,19766149,42728443,25243684,17484759,10856130,1014289.0,383811.0,30474213
2023,Year,State,AL,Alabama,Total,01,1007423.0,640531.0,366892.0,781833.0,4987.0,776847.0,225590.0,5685.0,219905.0,935026.0,568207.0,366819.0,721687.0,373487.0,348200.0,214924.0,31463.0,10706.0,464594.0
2023,Year,County,AL,Alabama,Autauga,01001,10510.0,5784.0,4725.0,8046.0,48.0,7998.0,2463.0,56.0,2407.0,9810.0,5085.0,4725.0,7009.0,2396.0,4613.0,2034.0,296.0,108.0,4571.0
2023,Year,County,AL,Alabama,Baldwin,01003,48910.0,28388.0,20522.0,41590.0,146.0,41444.0,7320.0,113.0,7208.0,45818.0,25302.0,20516.0,34959.0,15298.0,19661.0,5835.0,977.0,383.0,27763.0
2023,Year,County,AL,Alabama,Barbour,01005,6275.0,4372.0,1903.0,4706.0,52.0,4654.0,1569.0,54.0,1515.0,5878.0,3975.0,1903.0,4649.0,2828.0,1821.0,1833.0,276.0,79.0,2461.0
2023,Year,County,AL,Alabama,Bibb,01007,4840.0,2480.0,2360.0,3389.0,21.0,3369.0,1451.0,34.0,1416.0,4553.0,2194.0,2359.0,3602.0,1403.0,2199.0,1275.0,238.0,77.0,2012.0
2023,Year,County,AL,Alabama,Blount,01009,12286.0,6070.0,6215.0,9542.0,38.0,9504.0,2744.0,22.0,2722.0,11570.0,5355.0,6215.0,9583.0,3523.0,6060.0,2380.0,408.0,169.0,6627.0
2023,Year,County,AL,Alabama,Bullock,01011,2008.0,1259.0,749.0,1434.0,20.0,1415.0,574.0,15.0,559.0,1840.0,1091.0,749.0,1571.0,841.0,730.0,793.0,123.0,32.0,623.0
2023,Year,County,AL,Alabama,Butler,01013,4755.0,3748.0,1007.0,3571.0,30.0,3541.0,1184.0,45.0,1140.0,4464.0,3457.0,1007.0,3592.0,2626.0,966.0,1394.0,214.0,51.0,1934.0
2023,Year,County,AL,Alabama,Calhoun,01015,27024.0,20110.0,6914.0,20142.0,125.0,20017.0,6882.0,141.0,6740.0,24953.0,18039.0,6913.0,16854.0,10498.0,6355.0,5924.0,849.0,286.0,9795.0
2023,Year,County,AL,Alabama,Chambers,01017,8722.0,6492.0,2230.0,6342.0,61.0,6281.0,2380.0,53.0,2327.0,8221.0,5990.0,2230.0,6392.0,4213.0,2180.0,2165.0,500.0,159.0,3568.0
2023,Year,County,AL,Alabama,Cherokee,01019,6943.0,4701.0,2242.0,5195.0,38.0,5157.0,1748.0,25.0,1723.0,6602.0,4360.0,2242.0,5228.0,3275.0,1953.0,1576.0,264.0,119.0,3268.0
2023,Year,County,AL,Alabama,Chilton,01021,9114.0,4121.0,4993.0,6786.0,33.0,6753.0,2328.0,37.0,2290.0,8587.0,3594.0,4993.0,7136.0,2224.0,4912.0,2062.0,295.0,130.0,4649.0
2023,Year,County,AL,Alabama,Choctaw,01023,3801.0,3124.0,678.0,2783.0,20.0,2763.0,1018.0,22.0,996.0,3642.0,2964.0,678.0,2972.0,2331.0,641.0,1001.0,185.0,54.0,1733.0
2023,Year,County,AL,Alabama,Clarke,01025,6315.0,3915.0,2401.0,4616.0,25.0,4591.0,1700.0,40.0,1660.0,5956.0,3555.0,2401.0,4941.0,2580.0,2361.0,1635.0,276.0,85.0,2945.0
2023,Year,County,AL,Alabama,Clay,01027,3624.0,2727.0,897.0,2704.0,14.0,2689.0,920.0,*,*,3408.0,2512.0,896.0,2566.0,1707.0,859.0,920.0,164.0,52.0,1431.0
2023,Year,County,AL,Alabama,Cleburne,01029,3444.0,2724.0,720.0,2675.0,12.0,2663.0,769.0,12.0,758.0,3222.0,2502.0,720.0,2414.0,1742.0,672.0,748.0,147.0,44.0,1474.0
2023,Year,County,AL,Alabama,Coffee,01031,10286.0,8295.0,1990.0,8215.0,58.0,8157.0,2071.0,47.0,2024.0,9769.0,7779.0,1990.0,5950.0,4046.0,1904.0,2067.0,256.0,100.0,3527.0
2023,Year,County,AL,Alabama,Colbert,01033,13666.0,10567.0,3098.0,10493.0,60.0,10433.0,3173.0,46.0,3127.0,12938.0,9840.0,3097.0,9798.0,6915.0,2883.0,2907.0,336.0,141.0,6414.0
2023,Year,County,AL,Alabama,Conecuh,01035,3478.0,2701.0,777.0,2450.0,22.0,2428.0,1027.0,28.0,999.0,3306.0,2529.0,777.0,2645.0,1911.0,734.0,1043.0,168.0,58.0,1376.0
2023,Year,County,AL,Alabama,Coosa,01037,2599.0,1962.0,637.0,1813.0,11.0,1801.0,787.0,*,*,2427.0,1789.0,637.0,1916.0,1306.0,610.0,610.0,122.0,55.0,1129.0
2023,Year,County,AL,Alabama,Covington,01039,9591.0,7750.0,1841.0,7463.0,44.0,7419.0,2128.0,36.0,2093.0,9095.0,7254.0,1841.0,6878.0,5137.0,1741.0,2428.0,330.0,99.0,4021.0
2023,Year,County,AL,Alabama,Crenshaw,01041,3491.0,2283.0,1209.0,2707.0,19.0,2688.0,784.0,11.0,773.0,3300.0,2093.0,1207.0,2656.0,1473.0,1183.0,1033.0,115.0,50.0,1458.0
2023,Year,County,AL,Alabama,Cullman,01043,19222.0,12667.0,6556.0,15148.0,60.0,15087.0,4075.0,48.0,4027.0,18056.0,11500.0,6555.0,14761.0,8489.0,6272.0,4307.0,469.0,287.0,9698.0
2023,Year,County,AL,Alabama,Dale,01045,10188.0,8304.0,1884.0,7651.0,47.0,7604.0,2537.0,55.0,2482.0,9557.0,7674.0,1883.0,5751.0,3956.0,1794.0,2365.0,293.0,97.0,2996.0
2023,Year,County,AL,Alabama,Dallas,01047,9679.0,6579.0,3100.0,6727.0,93.0,6634.0,2952.0,110.0,2842.0,9051.0,5951.0,3100.0,7675.0,4652.0,3023.0,3925.0,349.0,105.0,3296.0
2023,Year,County,AL,Alabama,DeKalb,01049,15293.0,10984.0,4309.0,11648.0,51.0,11597.0,3645.0,35.0,3610.0,14356.0,10047.0,4309.0,11366.0,7387.0,3979.0,3855.0,620.0,255.0,6636.0
2023,Year,County,AL,Alabama,Elmore,01051,16242.0,9835.0,6407.0,12807.0,65.0,12742.0,3435.0,67.0,3368.0,14971.0,8565.0,6406.0,10420.0,4153.0,6267.0,2772.0,407.0,149.0,7093.0
2023,Year,County,AL,Alabama,Escambia,01053,8623.0,5844.0,2779.0,6469.0,59.0,6411.0,2153.0,54.0,2099.0,8126.0,5347.0,2779.0,6469.0,3777.0,2692.0,2076.0,371.0,101.0,3921.0
2023,Year,County,AL,Alabama,Etowah,01055,25268.0,15829.0,9439.0,18653.0,131.0,18522.0,6615.0,132.0,6483.0,23732.0,14294.0,9438.0,19113.0,11947.0,7165.0,6146.0,810.0,301.0,11856.0
2023,Year,County,AL,Alabama,Fayette,01057,4800.0,3656.0,1144.0,3551.0,22.0,3529.0,1249.0,17.0,1233.0,4528.0,3384.0,1144.0,3436.0,2386.0,1050.0,1184.0,212.0,66.0,1975.0
2023,Year,County,AL,Alabama,Franklin,01059,6631.0,5395.0,1236.0,5129.0,19.0,5109.0,1503.0,13.0,1490.0,6301.0,5065.0,1236.0,4963.0,3790.0,1173.0,1704.0,215.0,83.0,2962.0
2023,Year,County,AL,Alabama,Geneva,01061,6726.0,5445.0,1281.0,5159.0,15.0,5144.0,1567.0,19.0,1548.0,6357.0,5076.0,1281.0,4447.0,3241.0,1205.0,1775.0,217.0,53.0,2402.0
2023,Year,County,AL,Alabama,Greene,01063,2234.0,1806.0,428.0,1532.0,23.0,1509.0,703.0,20.0,683.0,2097.0,1670.0,427.0,1673.0,1261.0,411.0,816.0,151.0,24.0,682.0
2023,Year,County,AL,Alabama,Hale,01065,3999.0,3216.0,783.0,2656.0,24.0,2632.0,1344.0,31.0,1312.0,3719.0,2936.0,783.0,2972.0,2239.0,733.0,1389.0,240.0,57.0,1287.0
2023,Year,County,AL,Alabama,Henry,01067,4623.0,3144.0,1479.0,3603.0,15.0,3588.0,1021.0,24.0,997.0,4337.0,2858.0,1479.0,3252.0,1831.0,1421.0,1073.0,147.0,64.0,1968.0
2023,Year,County,AL,Alabama,Houston,01069,22754.0,16285.0,6469.0,17760.0,104.0,17656.0,4994.0,107.0,4886.0,21335.0,14867.0,6468.0,15687.0,9553.0,6133.0,5339.0,569.0,243.0,9535.0
2023,Year,County,AL,Alabama,Jackson,01071,12770.0,9446.0,3324.0,10002.0,43.0,9959.0,2768.0,51.0,2717.0,12034.0,8709.0,3324.0,9608.0,6457.0,3151.0,2660.0,527.0,194.0,6227.0
2023,Year,County,AL,Alabama,Jefferson,01073,128648.0,62116.0,66532.0,100601.0,758.0,99844.0,28047.0,1020.0,27026.0,117058.0,50534.0,66523.0,97667.0,33753.0,63913.0,27279.0,3749.0,1272.0,65367.0
2023,Year,County,AL,Alabama,Lamar,01075,3810.0,3245.0,565.0,2852.0,14.0,2838.0,959.0,13.0,945.0,3614.0,3049.0,565.0,2798.0,2259.0,539.0,978.0,145.0,56.0,1620.0
2023,Year,County,AL,Alabama,Lauderdale,01077,21268.0,15922.0,5346.0,17117.0,69.0,17048.0,4151.0,62.0,4089.0,20209.0,14864.0,5345.0,15491.0,10528.0,4963.0,4075.0,448.0,184.0,10784.0
2023,Year,County,AL,Alabama,Lawrence,01079,7662.0,5730.0,1932.0,5794.0,32.0,5762.0,1868.0,32.0,1836.0,7311.0,5378.0,1932.0,5952.0,4299.0,1653.0,1673.0,299.0,94.0,3886.0
2023,Year,County,AL,Alabama,Lee,01081,22245.0,15568.0,6677.0,17381.0,105.0,17276.0,4864.0,157.0,4707.0,20428.0,13753.0,6675.0,14649.0,8170.0,6479.0,3788.0,627.0,187.0,10047.0
2023,Year,County,AL,Alabama,Limestone,01083,16779.0,12058.0,4721.0,13525.0,90.0,13435.0,3254.0,76.0,3178.0,15681.0,10963.0,4719.0,11753.0,7671.0,4082.0,2847.0,464.0,163.0,8279.0
2023,Year,County,AL,Alabama,Lowndes,01085,2750.0,1288.0,1462.0,1950.0,32.0,1918.0,800.0,39.0,761.0,2568.0,1106.0,1462.0,2236.0,793.0,1443.0,1107.0,103.0,46.0,980.0
2023,Year,County,AL,Alabama,Macon,01087,4486.0,2780.0,1706.0,3447.0,53.0,3394.0,1039.0,57.0,982.0,3938.0,2233.0,1705.0,2914.0,1259.0,1656.0,1232.0,153.0,54.0,1476.0
2023,Year,County,AL,Alabama,Madison,01089,62159.0,46304.0,15856.0,52375.0,308.0,52067.0,9784.0,341.0,9443.0,56332.0,40480.0,15852.0,36179.0,21801.0,14378.0,8546.0,1325.0,434.0,25874.0
2023,Year,County,AL,Alabama,Marengo,01091,5312.0,4269.0,1043.0,3744.0,33.0,3712.0,1568.0,45.0,1523.0,4999.0,3957.0,1043.0,4088.0,3079.0,1009.0,1617.0,283.0,53.0,2135.0
2023,Year,County,AL,Alabama,Marion,01093,7074.0,5614.0,1460.0,5422.0,27.0,5395.0,1652.0,16.0,1636.0,6775.0,5315.0,1460.0,5217.0,3844.0,1373.0,1691.0,280.0,94.0,3152.0
2023,Year,County,AL,Alabama,Marshall,01095,20126.0,15354.0,4772.0,15729.0,79.0,15649.0,4397.0,53.0,4344.0,18746.0,13974.0,4772.0,14293.0,10052.0,4241.0,4371.0,661.0,267.0,8994.0
2023,Year,County,AL,Alabama,Mobile,01097,81000.0,37933.0,43067.0,63152.0,478.0,62674.0,17849.0,582.0,17267.0,74934.0,31887.0,43047.0,62625.0,20163.0,42462.0,18590.0,2615.0,827.0,40593.0
2023,Year,County,AL,Alabama,Monroe,01099,5202.0,3906.0,1297.0,3762.0,28.0,3734.0,1440.0,36.0,1405.0,4921.0,3624.0,1297.0,3945.0,2686.0,1260.0,1307.0,280.0,70.0,2288.0
2023,Year,County,AL,Alabama,Montgomery,01101,41559.0,23065.0,18494.0,31839.0,309.0,31531.0,9719.0,416.0,9303.0,37822.0,19333.0,18490.0,28176.0,10078.0,18098.0,10156.0,1081.0,307.0,16633.0
2023,Year,County,AL,Alabama,Morgan,01103,25284.0,18936.0,6349.0,20296.0,104.0,20192.0,4988.0,99.0,4890.0,23696.0,17350.0,6346.0,18574.0,13169.0,5405.0,4408.0,612.0,234.0,13320.0
2023,Year,County,AL,Alabama,Perry,01105,2410.0,1975.0,435.0,1626.0,15.0,1610.0,785.0,31.0,754.0,2246.0,1811.0,435.0,1883.0,1466.0,417.0,1047.0,107.0,19.0,710.0
2023,Year,County,AL,Alabama,Pickens,01107,4917.0,4098.0,819.0,3524.0,22.0,3502.0,1393.0,42.0,1351.0,4599.0,3781.0,819.0,3467.0,2682.0,785.0,1383.0,236.0,61.0,1786.0
2023,Year,County,AL,Alabama,Pike,01109,6197.0,3893.0,2305.0,4736.0,35.0,4701.0,1461.0,43.0,1418.0,5753.0,3449.0,2304.0,4583.0,2352.0,2230.0,1727.0,217.0,56.0,2583.0
2023,Year,County,AL,Alabama,Randolph,01111,5574.0,4290.0,1285.0,4336.0,30.0,4307.0,1238.0,30.0,1208.0,5259.0,3976.0,1284.0,3953.0,2735.0,1219.0,1254.0,244.0,65.0,2391.0
2023,Year,County,AL,Alabama,Russell,01113,11075.0,7648.0,3426.0,8203.0,96.0,8107.0,2872.0,99.0,2772.0,10343.0,6917.0,3426.0,7303.0,3964.0,3339.0,2471.0,516.0,128.0,4188.0
2023,Year,County,AL,Alabama,Shelby,01117,34888.0,18752.0,16136.0,29842.0,117.0,29725.0,5046.0,106.0,4940.0,31740.0,15605.0,16134.0,25601.0,10068.0,15533.0,3430.0,653.0,246.0,21273.0
2023,Year,County,AL,Alabama,St. Clair,01115,17452.0,8678.0,8774.0,13547.0,52.0,13495.0,3905.0,72.0,3833.0,16155.0,7383.0,8773.0,13097.0,4582.0,8515.0,3130.0,533.0,228.0,9206.0
2023,Year,County,AL,Alabama,Sumter,01119,3005.0,2470.0,536.0,2058.0,23.0,2035.0,947.0,32.0,915.0,2812.0,2276.0,536.0,2348.0,1838.0,510.0,1099.0,188.0,41.0,1021.0
2023,Year,County,AL,Alabama,Talladega,01121,19148.0,11744.0,7404.0,13394.0,88.0,13306.0,5754.0,117.0,5637.0,17671.0,10267.0,7404.0,14196.0,6944.0,7251.0,5073.0,696.0,243.0,8184.0
2023,Year,County,AL,Alabama,Tallapoosa,01123,11075.0,8121.0,2954.0,8164.0,61.0,8104.0,2910.0,65.0,2845.0,10443.0,7492.0,2951.0,8104.0,5243.0,2861.0,2554.0,468.0,144.0,4938.0
2023,Year,County,AL,Alabama,Tuscaloosa,01125,34924.0,23487.0,11437.0,25827.0,147.0,25680.0,9096.0,231.0,8865.0,31992.0,20558.0,11434.0,23482.0,13002.0,10480.0,7154.0,1112.0,297.0,14918.0
2023,Year,County,AL,Alabama,Walker,01127,17469.0,9230.0,8239.0,12695.0,47.0,12648.0,4774.0,57.0,4717.0,16611.0,8372.0,8239.0,12238.0,4600.0,7638.0,4193.0,668.0,257.0,7121.0
2023,Year,County,AL,Alabama,Washington,01129,4014.0,2938.0,1075.0,2979.0,23.0,2956.0,1035.0,28.0,1006.0,3809.0,2733.0,1075.0,2977.0,1951.0,1027.0,910.0,181.0,45.0,1843.0
2023,Year,County,AL,Alabama,Wilcox,01131,3186.0,2586.0,600.0,2100.0,31.0,2069.0,1086.0,35.0,1051.0,2981.0,2381.0,600.0,2497.0,1924.0,573.0,1253.0,162.0,35.0,1047.0
2023,Year,County,AL,Alabama,Winston,01133,5993.0,4529.0,1465.0,4662.0,16.0,4646.0,1332.0,11.0,1320.0,5666.0,4202.0,1465.0,4500.0,3141.0,1359.0,1536.0,224.0,95.0,2645.0
2023,Year,County,AL,Alabama,Unknown,01999,*,*,*,*,*,*,*,*,*,*,*,*,*,*,*,*,*,*,*
2023,Year,State,AK,Alaska,Total,02,91879.0,90549.0,1330.0,79278.0,293.0,78985.0,12601.0,369.0,12232.0,80134.0,78805.0,1329.0,36880.0,36247.0,633.0,18156.0,929.0,198.0,17598.0
2023,Year,County,AK,Alaska,Aleutians East,02013,161.0,*,*,147.0,0.0,147.0,14.0,*,*,113.0,*,*,38.0,*,*,*,*,*,*
2023,Year,County,AK,Alaska,Aleutians West,02016,228.0,*,*,213.0,0.0,213.0,15.0,*,*,142.0,*,*,50.0,*,*,*,*,*,*
2023,Year,County,AK,Alaska,Anchorage,02020,35730.0,35153.0,577.0,30428.0,176.0,30253.0,5302.0,240.0,5062.0,30709.0,30132.0,577.0,14511.0,14241.0,269.0,7341.0,344.0,60.0,6767.0
2023,Year,County,AK,Alaska,Bethel,02050,1378.0,*,*,1234.0,*,*,144.0,*,*,1135.0,*,*,722.0,*,*,650.0,*,*,47.0
2023,Year,County,AK,Alaska,Bristol Bay,02060,137.0,*,*,124.0,*,*,13.0,0.0,13.0,112.0,*,*,40.0,*,*,20.0,*,*,20.0
2023,Year,County,AK,Alaska,Denali,02068,234.0,*,*,209.0,0.0,209.0,25.0,0.0,25.0,211.0,*,*,81.0,*,*,20.0,*,*,59.0
2023,Year,County,AK,Alaska,Dillingham,02070,469.0,*,*,412.0,0.0,412.0,58.0,0.0,58.0,374.0,*,*,213.0,*,*,182.0,*,*,28.0
2023,Year,County,AK,Alaska,Fairbanks North Star,02090,10507.0,10415.0,92.0,9048.0,22.0,9026.0,1459.0,35.0,1424.0,9299.0,9207.0,92.0,3659.0,3597.0,63.0,1646.0,83.0,20.0,1910.0
2023,Year,County,AK,Alaska,Haines,02100,566.0,*,*,516.0,0.0,516.0,50.0,*,*,519.0,*,*,238.0,*,*,96.0,*,*,137.0
2023,Year,County,AK,Alaska,Hoonah-Angoon,02105,315.0,*,*,283.0,0.0,283.0,33.0,*,*,274.0,*,*,98.0,*,*,65.0,*,*,30.0
2023,Year,County,AK,Alaska,Juneau,02110,4612.0,4573.0,39.0,4016.0,*,*,596.0,*,*,4097.0,4059.0,38.0,1396.0,1361.0,35.0,848.0,*,*,524.0
2023,Year,County,AK,Alaska,Kenai Peninsula,02122,10733.0,10476.0,256.0,9399.0,32.0,9367.0,1334.0,19.0,1315.0,9742.0,9485.0,256.0,4816.0,4731.0,85.0,1707.0,120.0,31.0,2958.0
2023,Year,County,AK,Alaska,Ketchikan Gateway,02130,2363.0,2342.0,21.0,2073.0,*,*,290.0,*,*,2116.0,2096.0,21.0,967.0,951.0,15.0,463.0,*,*,470.0
2023,Year,County,AK,Alaska,Kodiak Island,02150,1528.0,1512.0,16.0,1354.0,*,*,174.0,*,*,1310.0,1294.0,16.0,578.0,*,*,297.0,*,*,250.0
2023,Year,County,AK,Alaska,Kusilvak,02158,517.0,*,*,448.0,0.0,448.0,69.0,*,*,437.0,*,*,328.0,*,*,*,*,*,*
2023,Year,County,AK,Alaska,Lake and Peninsula,02164,178.0,*,*,157.0,0.0,157.0,22.0,0.0,22.0,141.0,*,*,79.0,*,*,65.0,0.0,0.0,14.0
2023,Year,County,AK,Alaska,Matanuska-Susitna,02170,13065.0,12833.0,232.0,11082.0,34.0,11048.0,1983.0,31.0,1952.0,11587.0,11355.0,232.0,5430.0,5346.0,84.0,2350.0,146.0,29.0,2905.0
2023,Year,County,AK,Alaska,Nome,02180,825.0,*,*,699.0,*,*,127.0,*,*,659.0,*,*,364.0,*,*,313.0,16.0,0.0,35.0
2023,Year,County,AK,Alaska,North Slope,02185,490.0,*,*,413.0,0.0,413.0,77.0,*,*,382.0,*,*,122.0,*,*,88.0,*,*,24.0
2023,Year,County,AK,Alaska,Northwest Arctic,02188,556.0,*,*,485.0,0.0,485.0,70.0,0.0,70.0,428.0,*,*,323.0,*,*,230.0,*,*,87.0
2023,Year,County,AK,Alaska,Petersburg,02195,751.0,*,*,687.0,*,*,64.0,*,*,686.0,*,*,289.0,*,*,127.0,*,*,157.0
2023,Year,County,AK,Alaska,Prince of Wales-Hyder,02198,932.0,*,*,799.0,*,*,133.0,*,*,799.0,*,*,399.0,*,*,227.0,*,*,158.0
2023,Year,County,AK,Alaska,Sitka,02220,1354.0,*,*,1219.0,*,*,134.0,*,*,1182.0,*,*,443.0,*,*,197.0,*,*,238.0
2023,Year,County,AK,Alaska,Skagway,02230,304.0,*,*,291.0,*,*,13.0,0.0,13.0,276.0,*,*,115.0,*,*,43.0,*,*,68.0
2023,Year,County,AK,Alaska,Southeast Fairbanks,02240,1158.0,1140.0,17.0,1027.0,*,*,131.0,*,*,1012.0,994.0,17.0,462.0,*,*,203.0,*,*,226.0
2023,Year,County,AK,Alaska,Valdez-Cordova,02261,1354.0,1337.0,17.0,1210.0,*,*,145.0,*,*,1176.0,1159.0,17.0,520.0,507.0,13.0,205.0,*,*,284.0
2023,Year,County,AK,Alaska,Wrangell,02275,484.0,*,*,444.0,*,*,40.0,*,*,440.0,*,*,194.0,*,*,89.0,*,*,96.0
2023,Year,County,AK,Alaska,Yakutat,02282,113.0,113.0,0.0,102.0,*,*,12.0,*,*,99.0,99.0,0.0,42.0,42.0,0.0,24.0,0.0,0.0,18.0
2023,Year,County,AK,Alaska,Yukon-Koyukuk,02290,836.0,*,*,760.0,*,*,76.0,*,*,676.0,*,*,367.0,*,*,296.0,*,*,65.0
2023,Year,County,AK,Alaska,Unknown,02999,*,*,*,*,*,*,*,*,*,*,*,*,*,*,*,*,*,*,*
2023,Year,State,AZ,Arizona,Total,04,1226671.0,753929.0,472743.0,1072328.0,5361.0,1066967.0,154344.0,4979.0,149365.0,1122760.0,650109.0,472650.0,898705.0,445219.0,453486.0,219363.0,11390.0,7011.0,660942.0
2023,Year,County,AZ,Arizona,Apache,04001,11982.0,11111.0,871.0,10062.0,118.0,9945.0,1920.0,135.0,1785.0,9812.0,8941.0,871.0,7098.0,6353.0,745.0,4918.0,145.0,47.0,1987.0
2023,Year,County,AZ,Arizona,Cochise,04003,30163.0,20880.0,9283.0,26316.0,99.0,26217.0,3846.0,84.0,3762.0,27608.0,18326.0,9283.0,17695.0,8973.0,8721.0,6581.0,286.0,200.0,10628.0
2023,Year,County,AZ,Arizona,Coconino,04005,18554.0,16264.0,2290.0,16184.0,99.0,16086.0,2370.0,100.0,2270.0,16380.0,14091.0,2289.0,11784.0,9803.0,1981.0,4050.0,169.0,74.0,7492.0
2023,Year,County,AZ,Arizona,Gila,04007,15885.0,13849.0,2036.0,13861.0,85.0,13776.0,2024.0,75.0,1949.0,14806.0,12771.0,2035.0,10516.0,8798.0,1718.0,2712.0,164.0,103.0,7537.0
2023,Year,County,AZ,Arizona,Graham,04009,5459.0,3573.0,1886.0,4583.0,31.0,4552.0,876.0,27.0,849.0,5060.0,3175.0,1885.0,3878.0,2036.0,1842.0,1286.0,63.0,45.0,2484.0
2023,Year,County,AZ,Arizona,Greenlee,04011,1252.0,1060.0,192.0,1048.0,*,*,204.0,*,*,1142.0,950.0,192.0,696.0,519.0,177.0,206.0,*,*,468.0
2023,Year,County,AZ,Arizona,La Paz,04012,5373.0,4305.0,1068.0,4771.0,31.0,4740.0,602.0,29.0,573.0,4906.0,3839.0,1067.0,3300.0,2340.0,960.0,1111.0,57.0,49.0,2083.0
2023,Year,County,AZ,Arizona,Maricopa,04013,651307.0,380789.0,270518.0,570367.0,2863.0,567504.0,80939.0,2698.0,78241.0,595304.0,324835.0,270468.0,493776.0,232224.0,261553.0,107189.0,5860.0,3546.0,377183.0
2023,Year,County,AZ,Arizona,Mohave,04015,61991.0,43359.0,18632.0,53330.0,223.0,53107.0,8661.0,154.0,8507.0,58127.0,39500.0,18627.0,42910.0,25803.0,17107.0,10908.0,686.0,488.0,30828.0
2023,Year,County,AZ,Arizona,Navajo,04017,22147.0,17814.0,4333.0,18750.0,167.0,18584.0,3396.0,153.0,3243.0,19937.0,15604.0,4333.0,14983.0,11250.0,3733.0,6302.0,263.0,126.0,8293.0
2023,Year,County,AZ,Arizona,Pima,04019,211820.0,113886.0,97934.0,185136.0,819.0,184317.0,26684.0,731.0,25953.0,193240.0,95330.0,97910.0,157910.0,62505.0,95405.0,39333.0,1699.0,1141.0,115737.0
2023,Year,County,AZ,Arizona,Pinal,04021,73394.0,42809.0,30585.0,63117.0,387.0,62730.0,10277.0,425.0,9852.0,68422.0,37843.0,30579.0,55280.0,26218.0,29062.0,11791.0,769.0,493.0,42227.0
2023,Year,County,AZ,Arizona,Santa Cruz,04023,9079.0,4365.0,4714.0,8283.0,51.0,8231.0,797.0,51.0,746.0,8020.0,3308.0,4712.0,7027.0,2376.0,4651.0,3363.0,149.0,82.0,3433.0
2023,Year,County,AZ,Arizona,Yavapai,04025,75248.0,54187.0,21061.0,67527.0,154.0,67373.0,7721.0,94.0,7627.0,69761.0,48703.0,21057.0,50954.0,31760.0,19194.0,9531.0,581.0,393.0,40449.0
2023,Year,County,AZ,Arizona,Yuma,04027,33011.0,25671.0,7340.0,28983.0,229.0,28754.0,4028.0,218.0,3810.0,30230.0,22891.0,7339.0,20896.0,14261.0,6635.0,10083.0,481.0,220.0,10112.0
2023,Year,County,AZ,Arizona,Unknown,04999,*,*,*,*,*,*,*,*,*,*,*,*,*,*,*,*,*,*,*
2023,Year,State,AR,Arkansas,Total,05,616231.0,480223.0,136008.0,480992.0,2377.0,478615.0,135239.0,2710.0,132529.0,572605.0,436607.0,135999.0,429151.0,308978.0,120233.0,133091.0,14917.0,6313.0,274830.0
2023,Year,County,AR,Arkansas,Arkansas,05001,4209.0,3662.0,547.0,3383.0,16.0,3367.0,826.0,16.0,809.0,3885.0,3338.0,547.0,3113.0,2603.0,510.0,1029.0,109.0,43.0,1932.0
2023,Year,County,AR,Arkansas,Ashley,05003,5135.0,4555.0,580.0,3945.0,36.0,3909.0,1190.0,32.0,1158.0,4876.0,4296.0,580.0,4009.0,3523.0,486.0,1210.0,123.0,50.0,2626.0
2023,Year,County,AR,Arkansas,Baxter,05005,14877.0,10699.0,4178.0,12504.0,30.0,12474.0,2374.0,20.0,2353.0,14220.0,10042.0,4178.0,10515.0,7809.0,2706.0,2084.0,228.0,136.0,8066.0
2023,Year,County,AR,Arkansas,Benton,05007,40220.0,27209.0,13011.0,33824.0,133.0,33690.0,6396.0,147.0,6249.0,37056.0,24046.0,13010.0,28908.0,16816.0,12092.0,5361.0,768.0,292.0,22487.0
2023,Year,County,AR,Arkansas,Boone,05009,9838.0,7571.0,2267.0,7743.0,40.0,7704.0,2095.0,20.0,2075.0,9297.0,7030.0,2267.0,6866.0,4808.0,2059.0,2010.0,242.0,135.0,4479.0
2023,Year,County,AR,Arkansas,Bradley,05011,2538.0,2239.0,299.0,1932.0,20.0,1912.0,606.0,27.0,579.0,2429.0,2130.0,299.0,1899.0,1610.0,289.0,661.0,76.0,36.0,1126.0
2023,Year,County,AR,Arkansas,Calhoun,05013,1219.0,1001.0,218.0,906.0,*,*,312.0,*,*,1123.0,905.0,218.0,858.0,647.0,210.0,270.0,44.0,16.0,528.0
2023,Year,County,AR,Arkansas,Carroll,05015,7112.0,4947.0,2165.0,5913.0,13.0,5899.0,1199.0,*,*,6583.0,4418.0,2165.0,4951.0,2957.0,1994.0,1168.0,144.0,66.0,3573.0
2023,Year,County,AR,Arkansas,Chicot,05017,2640.0,2189.0,451.0,2022.0,15.0,2007.0,618.0,27.0,591.0,2481.0,2030.0,451.0,2023.0,1585.0,432.0,980.0,109.0,36.0,892.0
2023,Year,County,AR,Arkansas,Clark,05019,4525.0,3578.0,947.0,3596.0,25.0,3571.0,930.0,26.0,904.0,4207.0,3259.0,947.0,3000.0,2159.0,840.0,954.0,117.0,61.0,1868.0
2023,Year,County,AR,Arkansas,Clay,05021,4115.0,3537.0,578.0,3243.0,15.0,3228.0,872.0,15.0,858.0,3897.0,3319.0,578.0,2960.0,2441.0,519.0,1048.0,120.0,50.0,1743.0
2023,Year,County,AR,Arkansas,Cleburne,05023,7775.0,6602.0,1173.0,6346.0,18.0,6329.0,1429.0,*,*,7392.0,6219.0,1173.0,5211.0,4277.0,935.0,1250.0,162.0,90.0,3710.0
2023,Year,County,AR,Arkansas,Cleveland,05025,1948.0,1681.0,267.0,1515.0,*,*,434.0,*,*,1846.0,1578.0,267.0,1355.0,1103.0,252.0,400.0,34.0,24.0,897.0
2023,Year,County,AR,Arkansas,Columbia,05027,5121.0,4402.0,720.0,3904.0,25.0,3879.0,1217.0,34.0,1184.0,4856.0,4136.0,720.0,3975.0,3298.0,677.0,1400.0,161.0,63.0,2350.0
2023,Year,County,AR,Arkansas,Conway,05029,5008.0,4025.0,983.0,3813.0,17.0,3797.0,1194.0,18.0,1176.0,4704.0,3721.0,983.0,3529.0,2710.0,819.0,1193.0,123.0,48.0,2166.0
2023,Year,County,AR,Arkansas,Craighead,05031,18027.0,14571.0,3456.0,13887.0,60.0,13827.0,4140.0,84.0,4056.0,16878.0,13422.0,3456.0,13079.0,9836.0,3242.0,4037.0,476.0,193.0,8373.0
2023,Year,County,AR,Arkansas,Crawford,05033,13242.0,8198.0,5044.0,9677.0,29.0,9648.0,3565.0,39.0,3526.0,12361.0,7318.0,5043.0,9694.0,4970.0,4725.0,3025.0,397.0,176.0,6096.0
2023,Year,County,AR,Arkansas,Crittenden,05035,8807.0,6996.0,1811.0,6426.0,71.0,6355.0,2382.0,109.0,2273.0,8049.0,6238.0,1811.0,6326.0,4627.0,1699.0,2851.0,283.0,94.0,3098.0
2023,Year,County,AR,Arkansas,Cross,05037,3898.0,3132.0,766.0,3051.0,22.0,3029.0,847.0,22.0,825.0,3666.0,2900.0,766.0,2827.0,2128.0,699.0,1013.0,137.0,53.0,1624.0
2023,Year,County,AR,Arkansas,Dallas,05039,1903.0,1430.0,474.0,1446.0,*,*,457.0,12.0,444.0,1799.0,1325.0,474.0,1388.0,949.0,440.0,463.0,66.0,18.0,841.0
2023,Year,County,AR,Arkansas,Desha,05041,2823.0,2392.0,431.0,2192.0,27.0,2164.0,632.0,16.0,615.0,2675.0,2243.0,431.0,2100.0,1700.0,400.0,905.0,99.0,33.0,1063.0
2023,Year,County,AR,Arkansas,Drew,05043,3706.0,3172.0,534.0,2875.0,17.0,2858.0,832.0,15.0,817.0,3509.0,2975.0,534.0,2728.0,2220.0,509.0,977.0,127.0,46.0,1578.0
2023,Year,County,AR,Arkansas,Faulkner,05045,18677.0,16353.0,2324.0,14640.0,68.0,14572.0,4037.0,90.0,3946.0,17103.0,14779.0,2324.0,12100.0,10411.0,1689.0,3087.0,411.0,167.0,8434.0
2023,Year,County,AR,Arkansas,Franklin,05047,4112.0,2862.0,1250.0,3191.0,*,*,922.0,*,*,3862.0,2612.0,1250.0,2909.0,1908.0,1001.0,905.0,115.0,53.0,1836.0
2023,Year,County,AR,Arkansas,Fulton,05049,3551.0,2708.0,844.0,2766.0,*,*,785.0,*,*,3389.0,2545.0,844.0,2567.0,1909.0,658.0,842.0,89.0,48.0,1588.0
2023,Year,County,AR,Arkansas,Garland,05051,27895.0,21496.0,6399.0,22935.0,57.0,22878.0,4960.0,81.0,4879.0,26274.0,19876.0,6398.0,19546.0,14005.0,5542.0,4737.0,484.0,190.0,14135.0
2023,Year,County,AR,Arkansas,Grant,05053,3828.0,3201.0,627.0,2987.0,*,*,841.0,*,*,3581.0,2954.0,627.0,2531.0,1956.0,575.0,626.0,86.0,48.0,1771.0
2023,Year,County,AR,Arkansas,Greene,05055,9284.0,7355.0,1929.0,6869.0,33.0,6837.0,2414.0,23.0,2391.0,8788.0,6859.0,1929.0,6762.0,4990.0,1772.0,2142.0,242.0,111.0,4268.0
2023,Year,County,AR,Arkansas,Hempstead,05057,4564.0,3609.0,955.0,3391.0,23.0,3368.0,1173.0,29.0,1143.0,4284.0,3330.0,955.0,3393.0,2481.0,911.0,1324.0,139.0,64.0,1866.0
2023,Year,County,AR,Arkansas,Hot Spring,05059,7591.0,6024.0,1567.0,5796.0,27.0,5769.0,1795.0,21.0,1774.0,7154.0,5587.0,1567.0,4997.0,3646.0,1351.0,1593.0,212.0,98.0,3094.0
2023,Year,County,AR,Arkansas,Howard,05061,3042.0,2505.0,537.0,2324.0,15.0,2310.0,718.0,19.0,699.0,2874.0,2337.0,537.0,2277.0,1805.0,473.0,759.0,81.0,24.0,1413.0
2023,Year,County,AR,Arkansas,Independence,05063,8338.0,7331.0,1007.0,6302.0,15.0,6288.0,2036.0,15.0,2021.0,7883.0,6875.0,1007.0,6002.0,5075.0,927.0,1956.0,221.0,96.0,3729.0
2023,Year,County,AR,Arkansas,Izard,05065,3832.0,3086.0,747.0,2995.0,*,*,837.0,*,*,3672.0,2925.0,747.0,2757.0,2200.0,557.0,902.0,93.0,43.0,1719.0
2023,Year,County,AR,Arkansas,Jackson,05067,3774.0,3226.0,548.0,2813.0,17.0,2796.0,960.0,17.0,943.0,3589.0,3041.0,548.0,2856.0,2367.0,490.0,1135.0,142.0,46.0,1534.0
2023,Year,County,AR,Arkansas,Jefferson,05069,15148.0,11547.0,3601.0,11197.0,107.0,11090.0,3951.0,134.0,3817.0,13890.0,10289.0,3601.0,10521.0,7185.0,3336.0,4177.0,352.0,121.0,5871.0
2023,Year,County,AR,Arkansas,Johnson,05071,5565.0,4169.0,1396.0,4080.0,19.0,4061.0,1485.0,17.0,1468.0,5151.0,3755.0,1396.0,3955.0,2908.0,1047.0,1440.0,154.0,87.0,2275.0
2023,Year,County,AR,Arkansas,Lafayette,05073,1772.0,1544.0,228.0,1365.0,13.0,1352.0,407.0,*,*,1671.0,1444.0,228.0,1303.0,1091.0,212.0,551.0,62.0,25.0,665.0
2023,Year,County,AR,Arkansas,Lawrence,05075,4318.0,3433.0,886.0,3235.0,12.0,3223.0,1084.0,19.0,1065.0,4121.0,3235.0,886.0,3139.0,2345.0,795.0,1252.0,128.0,76.0,1684.0
2023,Year,County,AR,Arkansas,Lee,05077,2006.0,1433.0,573.0,1544.0,14.0,1530.0,462.0,24.0,438.0,1916.0,1343.0,573.0,1564.0,1009.0,555.0,816.0,64.0,21.0,662.0
2023,Year,County,AR,Arkansas,Lincoln,05079,2375.0,1936.0,439.0,1821.0,*,*,553.0,*,*,2223.0,1784.0,439.0,1737.0,1345.0,392.0,709.0,63.0,33.0,933.0
2023,Year,County,AR,Arkansas,Little River,05081,3102.0,2542.0,561.0,2453.0,16.0,2437.0,649.0,15.0,634.0,2925.0,2364.0,561.0,2252.0,1721.0,531.0,679.0,78.0,33.0,1462.0
2023,Year,County,AR,Arkansas,Logan,05083,5569.0,4097.0,1472.0,4250.0,13.0,4238.0,1319.0,16.0,1302.0,5241.0,3769.0,1472.0,3882.0,2637.0,1245.0,1385.0,141.0,59.0,2297.0
2023,Year,County,AR,Arkansas,Lonoke,05085,12497.0,10166.0,2330.0,9559.0,40.0,9518.0,2938.0,37.0,2901.0,11597.0,9267.0,2330.0,7753.0,5770.0,1983.0,2367.0,275.0,142.0,4969.0
2023,Year,County,AR,Arkansas,Madison,05087,3780.0,2503.0,1277.0,2907.0,13.0,2894.0,872.0,*,*,3486.0,2209.0,1277.0,2715.0,1552.0,1163.0,855.0,92.0,57.0,1711.0
2023,Year,County,AR,Arkansas,Marion,05089,5191.0,3698.0,1492.0,4165.0,*,*,1026.0,*,*,4907.0,3414.0,1492.0,3590.0,2521.0,1069.0,976.0,115.0,46.0,2453.0
2023,Year,County,AR,Arkansas,Miller,05091,8531.0,6875.0,1656.0,6601.0,43.0,6558.0,1930.0,53.0,1876.0,7877.0,6221.0,1656.0,6040.0,4521.0,1520.0,1956.0,235.0,86.0,3764.0
2023,Year,County,AR,Arkansas,Mississippi,05093,8433.0,6455.0,1978.0,5894.0,65.0,5830.0,2539.0,73.0,2466.0,7916.0,5938.0,1978.0,6229.0,4347.0,1882.0,2820.0,294.0,110.0,3004.0
2023,Year,County,AR,Arkansas,Monroe,05095,2015.0,1610.0,405.0,1560.0,*,*,454.0,*,*,1909.0,1504.0,405.0,1561.0,1176.0,385.0,710.0,56.0,33.0,762.0
2023,Year,County,AR,Arkansas,Montgomery,05097,2572.0,2054.0,518.0,2084.0,*,*,488.0,*,*,2419.0,1901.0,518.0,1743.0,1299.0,444.0,562.0,48.0,24.0,1108.0
2023,Year,County,AR,Arkansas,Nevada,05099,2077.0,1622.0,455.0,1606.0,14.0,1593.0,471.0,*,*,1978.0,1523.0,455.0,1531.0,1109.0,422.0,588.0,53.0,34.0,857.0
2023,Year,County,AR,Arkansas,Newton,05101,2405.0,1855.0,550.0,1857.0,*,*,547.0,*,*,2263.0,1714.0,550.0,1661.0,1158.0,503.0,634.0,74.0,35.0,918.0
2023,Year,County,AR,Arkansas,Ouachita,05103,6150.0,4528.0,1622.0,4617.0,37.0,4580.0,1533.0,38.0,1495.0,5713.0,4092.0,1621.0,4425.0,2908.0,1517.0,1561.0,188.0,74.0,2602.0
2023,Year,County,AR,Arkansas,Perry,05105,2642.0,2105.0,537.0,2021.0,*,*,620.0,*,*,2445.0,1909.0,537.0,1756.0,1337.0,419.0,564.0,71.0,41.0,1080.0
2023,Year,County,AR,Arkansas,Phillips,05107,4307.0,3324.0,983.0,3241.0,42.0,3199.0,1066.0,42.0,1024.0,4066.0,3082.0,983.0,3364.0,2424.0,939.0,1698.0,124.0,53.0,1489.0
2023,Year,County,AR,Arkansas,Pike,05109,2707.0,2202.0,505.0,2099.0,*,*,609.0,*,*,2573.0,2068.0,505.0,1923.0,1520.0,403.0,675.0,65.0,42.0,1142.0
2023,Year,County,AR,Arkansas,Poinsett,05111,5712.0,4280.0,1433.0,4163.0,19.0,4144.0,1549.0,20.0,1530.0,5423.0,3990.0,1433.0,4380.0,2991.0,1389.0,1884.0,222.0,83.0,2190.0
2023,Year,County,AR,Arkansas,Polk,05113,5405.0,4622.0,783.0,4412.0,*,*,993.0,13.0,980.0,5062.0,4279.0,783.0,3447.0,2927.0,520.0,1136.0,134.0,68.0,2109.0
2023,Year,County,AR,Arkansas,Pope,05115,12223.0,9466.0,2757.0,9441.0,27.0,9414.0,2782.0,35.0,2746.0,11521.0,8764.0,2757.0,8714.0,6301.0,2413.0,2675.0,301.0,155.0,5584.0
2023,Year,County,AR,Arkansas,Prairie,05117,2078.0,1769.0,309.0,1643.0,*,*,435.0,*,*,1985.0,1676.0,309.0,1560.0,1280.0,279.0,520.0,43.0,40.0,957.0
2023,Year,County,AR,Arkansas,Pulaski,05119,74485.0,59214.0,15270.0,57624.0,376.0,57248.0,16861.0,531.0,16330.0,66779.0,51510.0,15268.0,47089.0,33998.0,13091.0,15077.0,1599.0,494.0,29920.0
2023,Year,County,AR,Arkansas,Randolph,05121,4531.0,3425.0,1107.0,3455.0,16.0,3439.0,1076.0,12.0,1065.0,4305.0,3199.0,1107.0,3378.0,2333.0,1045.0,1182.0,145.0,74.0,1977.0
2023,Year,County,AR,Arkansas,Saline,05125,24098.0,19572.0,4526.0,19772.0,53.0,19718.0,4326.0,72.0,4254.0,22369.0,17843.0,4526.0,15520.0,11691.0,3829.0,3207.0,386.0,164.0,11764.0
2023,Year,County,AR,Arkansas,Scott,05127,2563.0,1875.0,687.0,1936.0,*,*,627.0,*,*,2398.0,1711.0,687.0,1767.0,1179.0,588.0,689.0,75.0,29.0,973.0
2023,Year,County,AR,Arkansas,Searcy,05129,2479.0,1892.0,586.0,1918.0,*,*,561.0,*,*,2351.0,1764.0,586.0,1748.0,1232.0,516.0,676.0,74.0,41.0,957.0
2023,Year,County,AR,Arkansas,Sebastian,05131,25222.0,17439.0,7783.0,18980.0,96.0,18884.0,6242.0,106.0,6135.0,23312.0,15529.0,7783.0,18189.0,10886.0,7303.0,5767.0,573.0,248.0,11600.0
2023,Year,County,AR,Arkansas,Sevier,05133,2899.0,2526.0,373.0,2275.0,18.0,2257.0,625.0,11.0,613.0,2703.0,2330.0,373.0,2004.0,1650.0,354.0,695.0,80.0,36.0,1194.0
2023,Year,County,AR,Arkansas,Sharp,05135,5957.0,4788.0,1169.0,4599.0,*,*,1358.0,*,*,5655.0,4486.0,1169.0,4229.0,3167.0,1062.0,1414.0,164.0,83.0,2569.0
2023,Year,County,AR,Arkansas,St. Francis,05123,4944.0,3730.0,1213.0,3704.0,37.0,3668.0,1239.0,51.0,1189.0,4640.0,3426.0,1213.0,3734.0,2594.0,1140.0,1631.0,171.0,60.0,1873.0
2023,Year,County,AR,Arkansas,Stone,05137,4056.0,3510.0,546.0,3184.0,*,*,872.0,*,*,3827.0,3282.0,546.0,2691.0,2233.0,458.0,997.0,61.0,37.0,1595.0
2023,Year,County,AR,Arkansas,Union,05139,9465.0,7807.0,1658.0,7132.0,67.0,7065.0,2333.0,65.0,2268.0,8912.0,7255.0,1658.0,6973.0,5500.0,1473.0,2394.0,254.0,118.0,4207.0
2023,Year,County,AR,Arkansas,Van Buren,05141,5040.0,3978.0,1062.0,4040.0,*,*,1000.0,*,*,4740.0,3678.0,1062.0,3430.0,2556.0,874.0,984.0,130.0,60.0,2256.0
2023,Year,County,AR,Arkansas,Washington,05143,32094.0,24393.0,7701.0,25942.0,105.0,25837.0,6152.0,126.0,6026.0,28871.0,21171.0,7701.0,21980.0,14707.0,7273.0,5540.0,717.0,282.0,15442.0
2023,Year,County,AR,Arkansas,White,05145,16273.0,13578.0,2695.0,12653.0,43.0,12610.0,3620.0,45.0,3576.0,15236.0,12541.0,2695.0,11168.0,8884.0,2284.0,3503.0,411.0,174.0,7081.0
2023,Year,County,AR,Arkansas,Woodruff,05147,1837.0,1554.0,283.0,1433.0,*,*,404.0,14.0,390.0,1746.0,1464.0,283.0,1369.0,1115.0,254.0,649.0,55.0,33.0,632.0
2023,Year,County,AR,Arkansas,Yell,05149,4535.0,3562.0,973.0,3376.0,18.0,3358.0,1159.0,*,*,4246.0,3273.0,973.0,3133.0,2342.0,790.0,1204.0,134.0,57.0,1738.0
2023,Year,County,AR,Arkansas,Unknown,05999,*,*,*,*,*,*,*,*,*,*,*,*,*,*,*,*,*,*,*
2023,Year,State,CA,California,Total,06,5965489.0,3473379.0,2492111.0,5268082.0,36785.0,5231297.0,697407.0,28986.0,668421.0,5314498.0,2825802.0,2488697.0,4667821.0,2227255.0,2440566.0,1518663.0,68683.0,22831.0,3057643.0
2023,Year,County,CA,California,Alameda,06001,232964.0,134178.0,98786.0,206830.0,1519.0,205311.0,26135.0,1026.0,25109.0,201343.0,102720.0,98622.0,183528.0,86930.0,96598.0,60069.0,1945.0,634.0,120880.0
2023,Year,County,CA,California,Alpine,06003,236.0,220.0,16.0,215.0,*,*,21.0,*,*,217.0,201.0,16.0,174.0,161.0,13.0,37.0,*,*,135.0
2023,Year,County,CA,California,Amador,06005,10794.0,8486.0,2308.0,9612.0,18.0,9594.0,1182.0,*,*,10032.0,7729.0,2303.0,7940.0,5812.0,2128.0,1174.0,89.0,52.0,6624.0
2023,Year,County,CA,California,Butte,06007,49936.0,47576.0,2360.0,41272.0,176.0,41096.0,8664.0,138.0,8526.0,46418.0,44060.0,2357.0,36013.0,34017.0,1996.0,11478.0,564.0,251.0,23721.0
2023,Year,County,CA,California,Calaveras,06009,12687.0,11005.0,1681.0,11186.0,46.0,11140.0,1501.0,17.0,1484.0,11791.0,10110.0,1680.0,8864.0,7357.0,1507.0,1601.0,117.0,53.0,7093.0
2023,Year,County,CA,California,Colusa,06011,3491.0,3159.0,332.0,2968.0,27.0,2941.0,523.0,16.0,507.0,3193.0,2861.0,332.0,2570.0,2249.0,320.0,922.0,55.0,25.0,1568.0
2023,Year,County,CA,California,Contra Costa,06013,188736.0,99696.0,89040.0,168113.0,1080.0,167032.0,20623.0,722.0,19901.0,166587.0,77633.0,88955.0,146075.0,60838.0,85237.0,31506.0,1274.0,422.0,112873.0
2023,Year,County,CA,California,Del Norte,06015,5958.0,5485.0,473.0,4740.0,14.0,4726.0,1219.0,*,*,5561.0,5088.0,473.0,4292.0,3913.0,380.0,1639.0,75.0,33.0,2545.0
2023,Year,County,CA,California,El Dorado,06017,41412.0,27399.0,14013.0,36864.0,112.0,36753.0,4547.0,74.0,4473.0,37794.0,23791.0,14003.0,30767.0,17188.0,13579.0,4669.0,268.0,99.0,25732.0
2023,Year,County,CA,California,Fresno,06019,134822.0,92925.0,41898.0,115579.0,879.0,114700.0,19243.0,860.0,18383.0,118245.0,76440.0,41806.0,104780.0,63420.0,41360.0,42544.0,1722.0,582.0,59932.0
2023,Year,County,CA,California,Glenn,06021,5507.0,5273.0,235.0,4613.0,25.0,4588.0,894.0,26.0,868.0,5141.0,4907.0,235.0,3961.0,3759.0,202.0,1423.0,86.0,33.0,2419.0
2023,Year,County,CA,California,Humboldt,06023,27827.0,26241.0,1586.0,22746.0,72.0,22674.0,5081.0,53.0,5028.0,25743.0,24159.0,1584.0,19643.0,18244.0,1399.0,6439.0,292.0,129.0,12783.0
2023,Year,County,CA,California,Imperial,06025,29497.0,27186.0,2311.0,25375.0,280.0,25095.0,4122.0,279.0,3844.0,25389.0,23079.0,2311.0,21757.0,19486.0,2271.0,14248.0,587.0,136.0,6786.0
2023,Year,County,CA,California,Inyo,06027,4481.0,4348.0,133.0,4036.0,17.0,4019.0,445.0,14.0,432.0,4122.0,3989.0,133.0,3222.0,3122.0,100.0,772.0,41.0,19.0,2390.0
2023,Year,County,CA,California,Kern,06029,112003.0,70708.0,41295.0,91664.0,748.0,90916.0,20339.0,737.0,19602.0,101484.0,60216.0,41268.0,86993.0,46463.0,40529.0,33223.0,1866.0,612.0,51293.0
2023,Year,County,CA,California,Kings,06031,16544.0,13848.0,2696.0,13838.0,148.0,13689.0,2707.0,142.0,2564.0,14998.0,12302.0,2696.0,11834.0,9184.0,2650.0,5054.0,249.0,75.0,6457.0
2023,Year,County,CA,California,Lake,06033,16965.0,16085.0,880.0,13415.0,81.0,13335.0,3549.0,61.0,3488.0,15640.0,14762.0,878.0,11645.0,10869.0,776.0,4952.0,174.0,78.0,6441.0
2023,Year,County,CA,California,Lassen,06035,4950.0,4826.0,125.0,4051.0,*,*,899.0,*,*,4483.0,4358.0,125.0,3271.0,3183.0,89.0,1068.0,49.0,23.0,2131.0
2023,Year,County,CA,California,Los Angeles,06037,1430778.0,746398.0,684380.0,1276832.0,11460.0,1265373.0,153946.0,8904.0,145042.0,1264495.0,581727.0,682768.0,1179385.0,503518.0,675867.0,486896.0,19341.0,5592.0,667556.0
2023,Year,County,CA,California,Madera,06039,23373.0,15721.0,7652.0,20357.0,130.0,20227.0,3016.0,99.0,2917.0,21160.0,13515.0,7645.0,17846.0,10369.0,7477.0,5451.0,333.0,100.0,11963.0
2023,Year,County,CA,California,Marin,06041,56303.0,33956.0,22347.0,53170.0,122.0,53048.0,3132.0,65.0,3068.0,51069.0,28753.0,22317.0,43861.0,21857.0,22004.0,5335.0,216.0,70.0,38241.0
2023,Year,County,CA,California,Mariposa,06043,4735.0,4429.0,307.0,4155.0,*,*,581.0,*,*,4285.0,3979.0,306.0,3036.0,2765.0,272.0,687.0,56.0,24.0,2269.0
2023,Year,County,CA,California,Mendocino,06045,22021.0,20132.0,1889.0,18534.0,63.0,18471.0,3487.0,68.0,3419.0,20396.0,18510.0,1886.0,15610.0,13836.0,1774.0,5685.0,182.0,59.0,9684.0
2023,Year,County,CA,California,Merced,06047,34553.0,30876.0,3677.0,28745.0,265.0,28480.0,5808.0,279.0,5529.0,31794.0,28120.0,3674.0,24970.0,21423.0,3547.0,11506.0,593.0,204.0,12667.0
2023,Year,County,CA,California,Modoc,06049,2467.0,2286.0,181.0,2075.0,*,*,391.0,*,*,2299.0,2118.0,181.0,1663.0,1504.0,158.0,532.0,36.0,12.0,1083.0
2023,Year,County,CA,California,Mono,06051,1599.0,1543.0,56.0,1504.0,*,*,95.0,0.0,95.0,1462.0,1407.0,55.0,1085.0,1038.0,47.0,164.0,*,*,904.0
2023,Year,County,CA,California,Monterey,06053,61508.0,58118.0,3390.0,54623.0,324.0,54300.0,6885.0,315.0,6570.0,55715.0,52326.0,3389.0,40332.0,37206.0,3126.0,13192.0,771.0,241.0,26128.0
2023,Year,County,CA,California,Napa,06055,28368.0,17957.0,10411.0,25151.0,99.0,25052.0,3217.0,70.0,3147.0,25564.0,15168.0,10395.0,21522.0,11303.0,10219.0,4592.0,340.0,60.0,16531.0
2023,Year,County,CA,California,Nevada,06057,27952.0,23741.0,4211.0,25081.0,61.0,25020.0,2871.0,43.0,2828.0,26176.0,21966.0,4210.0,19738.0,15818.0,3920.0,3326.0,175.0,78.0,16159.0
2023,Year,County,CA,California,Orange,06059,477844.0,242398.0,235445.0,441129.0,2611.0,438519.0,36714.0,1869.0,34845.0,434018.0,198799.0,235219.0,389490.0,158677.0,230813.0,102334.0,3964.0,1481.0,281711.0
2023,Year,County,CA,California,Placer,06061,79001.0,41704.0,37297.0,71741.0,241.0,71500.0,7260.0,124.0,7136.0,72130.0,34862.0,37268.0,61269.0,24996.0,36273.0,7980.0,444.0,191.0,52654.0
2023,Year,County,CA,California,Plumas,06063,5889.0,5456.0,433.0,5099.0,*,*,790.0,*,*,5475.0,5042.0,433.0,3932.0,3639.0,292.0,954.0,50.0,18.0,2910.0
2023,Year,County,CA,California,Riverside,06065,352217.0,154953.0,197264.0,308376.0,2074.0,306302.0,43841.0,1851.0,41990.0,318673.0,121599.0,197075.0,283762.0,89771.0,193990.0,76057.0,5750.0,2116.0,199839.0
2023,Year,County,CA,California,Sacramento,06067,245218.0,127757.0,117461.0,203332.0,1548.0,202384.0,41886.0,1260.0,40626.0,213101.0,95765.0,117336.0,194932.0,78753.0,116179.0,65608.0,2260.0,859.0,126205.0
2023,Year,County,CA,California,San Benito,06069,8206.0,7431.0,775.0,7161.0,45.0,7115.0,1045.0,43.0,1003.0,7306.0,6530.0,775.0,5529.0,4791.0,738.0,1665.0,117.0,30.0,3718.0
2023,Year,County,CA,California,San Bernardino,06071,280035.0,118152.0,161883.0,235296.0,2077.0,233219.0,44739.0,2026.0,42713.0,248195.0,86459.0,161736.0,225773.0,66303.0,159470.0,78276.0,4799.0,1868.0,140830.0
2023,Year,County,CA,California,San Diego,06073,501477.0,268029.0,233449.0,450655.0,2691.0,447964.0,50823.0,2122.0,48701.0,440281.0,206982.0,233300.0,366784.0,138637.0,228147.0,102008.0,6758.0,2032.0,255986.0
2023,Year,County,CA,California,San Francisco,06075,143419.0,86393.0,57027.0,128778.0,905.0,127873.0,14641.0,401.0,14240.0,124689.0,67780.0,56909.0,116632.0,60314.0,56318.0,51906.0,927.0,336.0,63463.0
2023,Year,County,CA,California,San Joaquin,06077,106279.0,66519.0,39760.0,89535.0,731.0,88804.0,16745.0,602.0,16143.0,93770.0,54031.0,39738.0,82841.0,43764.0,39077.0,27991.0,1503.0,489.0,52858.0
2023,Year,County,CA,California,San Luis Obispo,06079,60123.0,51679.0,8444.0,53782.0,147.0,53635.0,6341.0,106.0,6234.0,56173.0,47731.0,8442.0,44738.0,36919.0,7819.0,7951.0,386.0,152.0,36249.0
2023,Year,County,CA,California,San Mateo,06081,122078.0,68256.0,53823.0,113622.0,790.0,112832.0,8457.0,386.0,8070.0,106648.0,52890.0,53758.0,91117.0,38723.0,52395.0,19605.0,791.0,199.0,70523.0
2023,Year,County,CA,California,Santa Barbara,06083,73056.0,61535.0,11521.0,65458.0,295.0,65163.0,7598.0,259.0,7340.0,66565.0,55045.0,11520.0,52714.0,41846.0,10868.0,12943.0,729.0,226.0,38816.0
2023,Year,County,CA,California,Santa Clara,06085,258879.0,148218.0,110661.0,237461.0,1520.0,235941.0,21418.0,1107.0,20311.0,225731.0,115185.0,110545.0,199179.0,93791.0,105388.0,62136.0,1963.0,579.0,134501.0
2023,Year,County,CA,California,Santa Cruz,06087,47057.0,43701.0,3356.0,42090.0,144.0,41946.0,4966.0,151.0,4816.0,42320.0,38967.0,3353.0,33953.0,30900.0,3053.0,8354.0,419.0,128.0,25052.0
2023,Year,County,CA,California,Shasta,06089,46462.0,45535.0,927.0,37386.0,130.0,37256.0,9076.0,101.0,8975.0,43630.0,42703.0,927.0,32360.0,31734.0,627.0,10485.0,516.0,243.0,21117.0
2023,Year,County,CA,California,Sierra,06091,894.0,853.0,41.0,785.0,*,*,110.0,*,*,817.0,776.0,41.0,568.0,529.0,39.0,171.0,*,*,388.0
2023,Year,County,CA,California,Siskiyou,06093,12895.0,11860.0,1035.0,10909.0,20.0,10889.0,1986.0,25.0,1961.0,11960.0,10925.0,1035.0,8780.0,7932.0,848.0,2696.0,170.0,63.0,5850.0
2023,Year,County,CA,California,Solano,06095,74843.0,43169.0,31674.0,63621.0,577.0,63044.0,11223.0,412.0,10811.0,66008.0,34361.0,31647.0,51422.0,20495.0,30927.0,14267.0,687.0,237.0,36231.0
2023,Year,County,CA,California,Sonoma,06097,101112.0,56119.0,44993.0,90910.0,311.0,90599.0,10202.0,246.0,9956.0,92867.0,47920.0,44947.0,79512.0,35260.0,44252.0,14530.0,606.0,249.0,64128.0
2023,Year,County,CA,California,Stanislaus,06099,83370.0,46501.0,36869.0,69315.0,563.0,68752.0,14055.0,543.0,13512.0,75704.0,38842.0,36862.0,68530.0,32144.0,36386.0,23393.0,1121.0,433.0,43583.0
2023,Year,County,CA,California,Sutter,06101,16680.0,16112.0,568.0,13857.0,90.0,13767.0,2823.0,77.0,2746.0,15153.0,14585.0,568.0,11634.0,11162.0,472.0,4814.0,194.0,78.0,6548.0
2023,Year,County,CA,California,Tehama,06103,14363.0,14056.0,307.0,11683.0,58.0,11625.0,2680.0,45.0,2635.0,13360.0,13053.0,307.0,9797.0,9584.0,213.0,3398.0,188.0,95.0,6115.0
2023,Year,County,CA,California,Trinity,06105,3517.0,3321.0,197.0,2938.0,*,*,579.0,*,*,3282.0,3085.0,197.0,2462.0,2309.0,153.0,725.0,61.0,17.0,1659.0
2023,Year,County,CA,California,Tulare,06107,59911.0,50244.0,9667.0,50417.0,452.0,49965.0,9494.0,452.0,9042.0,54631.0,44965.0,9666.0,46767.0,37389.0,9378.0,21054.0,791.0,249.0,24673.0
2023,Year,County,CA,California,Tuolumne,06109,15206.0,14354.0,852.0,13329.0,45.0,13285.0,1876.0,25.0,1852.0,14212.0,13361.0,851.0,10483.0,9799.0,684.0,2166.0,130.0,71.0,8116.0
2023,Year,County,CA,California,Ventura,06111,141075.0,96619.0,44457.0,126830.0,734.0,126096.0,14245.0,524.0,13722.0,127594.0,83205.0,44389.0,104619.0,61449.0,43171.0,24775.0,1404.0,487.0,77954.0
2023,Year,County,CA,California,Yolo,06113,29793.0,17438.0,12355.0,25943.0,133.0,25811.0,3850.0,110.0,3741.0,26673.0,14325.0,12348.0,23766.0,11577.0,12189.0,6556.0,221.0,110.0,16879.0
2023,Year,County,CA,California,Yuba,06115,12099.0,11199.0,900.0,9281.0,47.0,9234.0,2818.0,64.0,2754.0,10932.0,10033.0,899.0,8095.0,7235.0,860.0,3679.0,227.0,90.0,4099.0
2023,Year,County,CA,California,Unknown,06999,*,*,*,*,*,*,*,*,*,*,*,*,*,*,*,*,*,*,*
2023,Year,State,CO,Colorado,Total,08,847702.0,530148.0,317554.0,745182.0,2593.0,742589.0,102520.0,2503.0,100017.0,764106.0,448313.0,315793.0,612356.0,316660.0,295696.0,127139.0,10599.0,4835.0,469782.0
2023,Year,County,CO,Colorado,Adams,08001,58404.0,27820.0,30584.0,49158.0,262.0,48896.0,9246.0,280.0,8967.0,51888.0,21447.0,30441.0,44778.0,15060.0,29719.0,11026.0,1151.0,437.0,32164.0
2023,Year,County,CO,Colorado,Alamosa,08003,2774.0,2228.0,546.0,2271.0,15.0,2256.0,503.0,13.0,491.0,2543.0,2000.0,542.0,1988.0,1708.0,280.0,795.0,62.0,29.0,1101.0
2023,Year,County,CO,Colorado,Arapahoe,08005,87170.0,48564.0,38606.0,77609.0,326.0,77283.0,9561.0,307.0,9254.0,76806.0,38408.0,38398.0,63889.0,26686.0,37203.0,11767.0,1086.0,472.0,50565.0
2023,Year,County,CO,Colorado,Archuleta,08007,3453.0,2904.0,549.0,3161.0,*,*,293.0,*,*,3208.0,2662.0,546.0,2183.0,1871.0,311.0,392.0,37.0,17.0,1737.0
2023,Year,County,CO,Colorado,Baca,08009,969.0,*,*,871.0,*,*,97.0,*,*,920.0,*,*,717.0,*,*,235.0,*,*,464.0
2023,Year,County,CO,Colorado,Bent,08011,1058.0,1011.0,46.0,861.0,*,*,197.0,*,*,916.0,870.0,46.0,639.0,605.0,35.0,316.0,*,*,299.0
2023,Year,County,CO,Colorado,Boulder,08013,47896.0,29768.0,18128.0,43870.0,119.0,43752.0,4026.0,87.0,3939.0,43146.0,25132.0,18014.0,36261.0,18937.0,17324.0,5267.0,401.0,153.0,30440.0
2023,Year,County,CO,Colorado,Broomfield,08014,9335.0,4662.0,4673.0,8623.0,22.0,8601.0,712.0,19.0,693.0,8391.0,3743.0,4648.0,7258.0,2793.0,4465.0,762.0,83.0,27.0,6386.0
2023,Year,County,CO,Colorado,Chaffee,08015,5047.0,4159.0,888.0,4634.0,*,*,414.0,*,*,4720.0,3834.0,886.0,3412.0,2790.0,622.0,567.0,37.0,21.0,2788.0
2023,Year,County,CO,Colorado,Cheyenne,08017,371.0,356.0,14.0,329.0,0.0,329.0,42.0,*,*,326.0,312.0,14.0,232.0,*,*,69.0,*,*,156.0
2023,Year,County,CO,Colorado,Clear Creek,08019,1747.0,1104.0,643.0,1566.0,*,*,181.0,*,*,1536.0,899.0,637.0,1197.0,635.0,562.0,177.0,*,*,1004.0
2023,Year,County,CO,Colorado,Conejos,08021,1837.0,1367.0,470.0,1537.0,*,*,300.0,*,*,1691.0,1221.0,470.0,1380.0,1146.0,234.0,594.0,75.0,18.0,693.0
2023,Year,County,CO,Colorado,Costilla,08023,1149.0,886.0,264.0,915.0,*,*,235.0,*,*,1059.0,798.0,261.0,812.0,665.0,147.0,389.0,*,*,374.0
2023,Year,County,CO,Colorado,Crowley,08025,811.0,696.0,115.0,631.0,*,*,180.0,*,*,729.0,615.0,115.0,563.0,467.0,96.0,281.0,*,*,257.0
2023,Year,County,CO,Colorado,Custer,08027,1559.0,1246.0,313.0,1404.0,*,*,155.0,*,*,1437.0,1126.0,312.0,983.0,750.0,233.0,154.0,*,*,806.0
2023,Year,County,CO,Colorado,Delta,08029,8629.0,6624.0,2006.0,7679.0,31.0,7648.0,950.0,12.0,938.0,8000.0,6016.0,1984.0,5549.0,4134.0,1415.0,1321.0,123.0,58.0,4048.0
2023,Year,County,CO,Colorado,Denver,08031,88127.0,44828.0,43299.0,75550.0,401.0,75149.0,12577.0,422.0,12154.0,77749.0,34737.0,43012.0,69478.0,27193.0,42286.0,21140.0,1379.0,664.0,46296.0
2023,Year,County,CO,Colorado,Dolores,08033,547.0,482.0,65.0,465.0,*,*,82.0,*,*,509.0,447.0,63.0,343.0,294.0,49.0,79.0,*,*,246.0
2023,Year,County,CO,Colorado,Douglas,08035,40481.0,24067.0,16414.0,37760.0,107.0,37653.0,2722.0,65.0,2657.0,36152.0,19790.0,16362.0,29674.0,14149.0,15526.0,2429.0,216.0,84.0,26945.0
2023,Year,County,CO,Colorado,Eagle,08037,5280.0,4938.0,342.0,5043.0,*,*,238.0,*,*,4730.0,4388.0,342.0,3529.0,3309.0,220.0,309.0,*,*,3165.0
2023,Year,County,CO,Colorado,El Paso,08041,100263.0,68530.0,31733.0,85155.0,296.0,84860.0,15107.0,324.0,14784.0,91694.0,60088.0,31606.0,60916.0,30895.0,30021.0,14399.0,1353.0,587.0,44578.0
2023,Year,County,CO,Colorado,Elbert,08039,4189.0,2885.0,1304.0,3822.0,*,*,367.0,*,*,3768.0,2473.0,1295.0,2824.0,1638.0,1186.0,286.0,33.0,17.0,2488.0
2023,Year,County,CO,Colorado,Fremont,08043,11856.0,7854.0,4002.0,9987.0,34.0,9952.0,1870.0,24.0,1845.0,11074.0,7095.0,3979.0,8524.0,4793.0,3732.0,2159.0,155.0,106.0,6104.0
2023,Year,County,CO,Colorado,Garfield,08045,7828.0,7008.0,820.0,7018.0,*,*,810.0,14.0,796.0,7080.0,6268.0,812.0,5215.0,4713.0,503.0,1149.0,76.0,34.0,3957.0
2023,Year,County,CO,Colorado,Gilpin,08047,903.0,580.0,323.0,797.0,*,*,106.0,*,*,775.0,455.0,320.0,615.0,314.0,301.0,106.0,*,*,493.0
2023,Year,County,CO,Colorado,Grand,08049,2369.0,2018.0,351.0,2177.0,*,*,192.0,*,*,2159.0,1811.0,348.0,1544.0,1272.0,272.0,188.0,23.0,14.0,1319.0
2023,Year,County,CO,Colorado,Gunnison,08051,2221.0,2076.0,145.0,2067.0,0.0,2067.0,154.0,*,*,2060.0,1917.0,143.0,1476.0,1385.0,91.0,233.0,14.0,12.0,1217.0
2023,Year,County,CO,Colorado,Hinsdale,08053,218.0,206.0,11.0,207.0,*,*,11.0,0.0,11.0,204.0,192.0,11.0,140.0,*,*,*,*,*,*
2023,Year,County,CO,Colorado,Huerfano,08055,2297.0,1866.0,431.0,1948.0,*,*,350.0,*,*,2118.0,1686.0,431.0,1542.0,1289.0,253.0,557.0,35.0,15.0,936.0
2023,Year,County,CO,Colorado,Jackson,08057,311.0,290.0,22.0,281.0,*,*,31.0,0.0,31.0,297.0,275.0,22.0,203.0,191.0,11.0,33.0,*,*,157.0
2023,Year,County,CO,Colorado,Jefferson,08059,100519.0,46647.0,53872.0,91129.0,276.0,90853.0,9390.0,235.0,9155.0,89476.0,35925.0,53551.0,76474.0,24613.0,51861.0,10533.0,869.0,389.0,64683.0
2023,Year,County,CO,Colorado,Kiowa,08061,321.0,*,*,293.0,0.0,293.0,27.0,0.0,27.0,294.0,*,*,239.0,*,*,56.0,*,*,176.0
2023,Year,County,CO,Colorado,Kit Carson,08063,1450.0,1395.0,55.0,1292.0,*,*,158.0,*,*,1366.0,1312.0,55.0,1063.0,1026.0,38.0,241.0,22.0,11.0,789.0
2023,Year,County,CO,Colorado,La Plata,08067,9718.0,8657.0,1061.0,8836.0,17.0,8818.0,882.0,19.0,863.0,8893.0,7835.0,1058.0,6280.0,5678.0,602.0,1106.0,82.0,38.0,5054.0
2023,Year,County,CO,Colorado,Lake,08065,971.0,892.0,79.0,829.0,*,*,142.0,*,*,860.0,787.0,73.0,581.0,533.0,48.0,120.0,*,*,440.0
2023,Year,County,CO,Colorado,Larimer,08069,56940.0,39815.0,17124.0,51587.0,103.0,51484.0,5353.0,90.0,5262.0,52064.0,34982.0,17082.0,42181.0,26227.0,15953.0,6066.0,455.0,270.0,35389.0
2023,Year,County,CO,Colorado,Las Animas,08071,3927.0,3237.0,690.0,3262.0,12.0,3250.0,665.0,*,*,3598.0,2910.0,687.0,2617.0,2069.0,548.0,1016.0,65.0,31.0,1506.0
2023,Year,County,CO,Colorado,Lincoln,08073,1005.0,953.0,51.0,868.0,0.0,868.0,136.0,*,*,952.0,901.0,51.0,704.0,672.0,32.0,192.0,*,*,480.0
2023,Year,County,CO,Colorado,Logan,08075,4021.0,3528.0,493.0,3447.0,13.0,3434.0,575.0,*,*,3778.0,3291.0,487.0,3090.0,2662.0,428.0,749.0,49.0,31.0,2262.0
2023,Year,County,CO,Colorado,Mesa,08077,31675.0,21069.0,10606.0,27755.0,79.0,27677.0,3920.0,70.0,3850.0,28749.0,18252.0,10497.0,21101.0,14418.0,6683.0,4780.0,376.0,216.0,15729.0
2023,Year,County,CO,Colorado,Mineral,08079,259.0,224.0,34.0,244.0,*,*,15.0,*,*,244.0,210.0,34.0,183.0,*,*,18.0,*,*,162.0
2023,Year,County,CO,Colorado,Moffat,08081,2121.0,1960.0,161.0,1820.0,*,*,301.0,*,*,1934.0,1774.0,160.0,1352.0,1278.0,74.0,346.0,32.0,11.0,962.0
2023,Year,County,CO,Colorado,Montezuma,08083,6198.0,5457.0,741.0,5458.0,18.0,5440.0,740.0,36.0,704.0,5715.0,4979.0,736.0,3933.0,3513.0,421.0,1053.0,84.0,38.0,2758.0
2023,Year,County,CO,Colorado,Montrose,08085,10345.0,8061.0,2284.0,9253.0,28.0,9225.0,1092.0,19.0,1073.0,9631.0,7372.0,2260.0,6935.0,5393.0,1543.0,1679.0,115.0,84.0,5058.0
2023,Year,County,CO,Colorado,Morgan,08087,4809.0,4333.0,476.0,4182.0,*,*,626.0,15.0,612.0,4449.0,3974.0,475.0,3504.0,3106.0,398.0,944.0,111.0,57.0,2393.0
2023,Year,County,CO,Colorado,Otero,08089,4501.0,3751.0,750.0,3709.0,24.0,3684.0,792.0,19.0,773.0,4133.0,3389.0,744.0,3207.0,2577.0,630.0,1303.0,97.0,46.0,1760.0
2023,Year,County,CO,Colorado,Ouray,08091,1232.0,1052.0,180.0,1177.0,*,*,55.0,*,*,1149.0,971.0,178.0,838.0,738.0,101.0,83.0,*,*,748.0
2023,Year,County,CO,Colorado,Park,08093,3368.0,2451.0,918.0,2920.0,*,*,448.0,*,*,3021.0,2108.0,913.0,2172.0,1376.0,797.0,338.0,*,*,1804.0
2023,Year,County,CO,Colorado,Phillips,08095,917.0,896.0,21.0,845.0,*,*,72.0,*,*,857.0,837.0,21.0,703.0,689.0,14.0,143.0,*,*,541.0
2023,Year,County,CO,Colorado,Pitkin,08097,2808.0,2685.0,123.0,2740.0,*,*,68.0,0.0,68.0,2563.0,2444.0,119.0,2042.0,1969.0,74.0,116.0,*,*,1898.0
2023,Year,County,CO,Colorado,Prowers,08099,2399.0,2339.0,61.0,2021.0,11.0,2010.0,378.0,*,*,2214.0,2153.0,61.0,1762.0,1720.0,42.0,693.0,39.0,17.0,1013.0
2023,Year,County,CO,Colorado,Pueblo,08101,36515.0,23301.0,13215.0,29171.0,132.0,29040.0,7344.0,147.0,7196.0,33365.0,20273.0,13092.0,27656.0,15085.0,12571.0,8853.0,641.0,297.0,17866.0
2023,Year,County,CO,Colorado,Rio Blanco,08103,1061.0,906.0,155.0,954.0,*,*,107.0,*,*,968.0,816.0,151.0,735.0,623.0,112.0,140.0,*,*,575.0
2023,Year,County,CO,Colorado,Rio Grande,08105,2970.0,2423.0,547.0,2526.0,*,*,445.0,*,*,2789.0,2243.0,545.0,2197.0,2087.0,110.0,831.0,104.0,30.0,1232.0
2023,Year,County,CO,Colorado,Routt,08107,3533.0,3237.0,295.0,3293.0,*,*,240.0,0.0,240.0,3253.0,2960.0,293.0,2437.0,2267.0,170.0,287.0,*,*,2124.0
2023,Year,County,CO,Colorado,Saguache,08109,1189.0,1013.0,177.0,1018.0,*,*,171.0,*,*,1091.0,915.0,176.0,771.0,705.0,66.0,282.0,25.0,13.0,452.0
2023,Year,County,CO,Colorado,San Juan,08111,145.0,*,*,*,*,*,*,*,*,134.0,*,*,86.0,*,*,16.0,*,*,69.0
2023,Year,County,CO,Colorado,San Miguel,08113,984.0,877.0,107.0,934.0,*,*,50.0,0.0,50.0,877.0,771.0,106.0,614.0,551.0,64.0,80.0,*,*,520.0
2023,Year,County,CO,Colorado,Sedgwick,08115,661.0,624.0,37.0,590.0,*,*,71.0,*,*,629.0,592.0,37.0,475.0,447.0,28.0,103.0,*,*,352.0
2023,Year,County,CO,Colorado,Summit,08117,3226.0,2864.0,362.0,3075.0,*,*,152.0,*,*,2908.0,2549.0,359.0,2148.0,1950.0,198.0,135.0,*,*,1988.0
2023,Year,County,CO,Colorado,Teller,08119,5773.0,3787.0,1986.0,5046.0,*,*,726.0,*,*,5269.0,3285.0,1984.0,3799.0,1946.0,1853.0,624.0,38.0,36.0,3102.0
2023,Year,County,CO,Colorado,Washington,08121,1013.0,977.0,36.0,909.0,*,*,104.0,*,*,939.0,904.0,35.0,751.0,727.0,24.0,165.0,*,*,568.0
2023,Year,County,CO,Colorado,Weld,08123,40160.0,26479.0,13682.0,34775.0,141.0,34634.0,5386.0,150.0,5235.0,36510.0,22865.0,13645.0,30382.0,17334.0,13048.0,6523.0,638.0,306.0,22915.0
2023,Year,County,CO,Colorado,Yuma,08125,1872.0,1826.0,47.0,1693.0,*,*,179.0,*,*,1750.0,1704.0,46.0,1475.0,1445.0,31.0,339.0,*,*,1106.0
2023,Year,County,CO,Colorado,Unknown,08999,*,*,*,*,*,*,*,*,*,*,*,*,*,*,*,*,*,*,*
2023,Year,State,CT,Connecticut,Total,09,654718.0,469847.0,184871.0,572564.0,2546.0,570018.0,82153.0,2057.0,80097.0,587661.0,402823.0,184838.0,505392.0,329976.0,175416.0,177840.0,2063.0,456.0,325032.0
2023,Year,County,CT,Connecticut,Fairfield,09001,151199.0,115204.0,35995.0,136996.0,669.0,136327.0,14203.0,503.0,13700.0,134290.0,98304.0,35986.0,115644.0,81933.0,33712.0,34796.0,540.0,110.0,80199.0
2023,Year,County,CT,Connecticut,Hartford,09003,167306.0,111765.0,55541.0,144779.0,730.0,144049.0,22527.0,581.0,21946.0,150890.0,95357.0,55533.0,132776.0,78938.0,53838.0,50919.0,550.0,116.0,81192.0
2023,Year,County,CT,Connecticut,Litchfield,09005,40356.0,30517.0,9840.0,35810.0,85.0,35725.0,4547.0,66.0,4481.0,36742.0,26906.0,9836.0,30916.0,21522.0,9394.0,9880.0,90.0,19.0,20927.0
2023,Year,County,CT,Connecticut,Middlesex,09007,34569.0,24651.0,9918.0,30912.0,79.0,30833.0,3657.0,58.0,3599.0,31166.0,21251.0,9915.0,26683.0,17419.0,9265.0,7382.0,75.0,17.0,19209.0
2023,Year,County,CT,Connecticut,New Haven,09009,160239.0,111041.0,49198.0,137349.0,728.0,136621.0,22890.0,624.0,22265.0,143065.0,93873.0,49192.0,123403.0,76467.0,46936.0,48427.0,531.0,117.0,74327.0
2023,Year,County,CT,Connecticut,New London,09011,53280.0,42078.0,11203.0,45734.0,136.0,45598.0,7547.0,128.0,7418.0,48210.0,37009.0,11201.0,38395.0,28805.0,9590.0,13480.0,158.0,33.0,24724.0
2023,Year,County,CT,Connecticut,Tolland,09013,25416.0,17771.0,7646.0,22596.0,54.0,22542.0,2821.0,43.0,2778.0,23031.0,15387.0,7644.0,19949.0,12552.0,7397.0,5428.0,40.0,20.0,14461.0
2023,Year,County,CT,Connecticut,Windham,09015,22351.0,16819.0,5531.0,18389.0,66.0,18323.0,3962.0,54.0,3908.0,20269.0,14737.0,5531.0,17625.0,12340.0,5285.0,7528.0,80.0,24.0,9993.0
2023,Year,County,CT,Connecticut,Unknown,09999,*,*,*,*,*,*,*,*,*,*,*,*,*,*,*,*,*,*,*
2023,Year,State,DE,Delaware,Total,10,193585.0,171150.0,22435.0,166603.0,949.0,165654.0,26982.0,853.0,26129.0,179142.0,156719.0,22423.0,143495.0,125925.0,17571.0,30292.0,2424.0,1316.0,109462.0
2023,Year,County,DE,Delaware,Kent,10001,34045.0,30248.0,3797.0,28064.0,192.0,27872.0,5981.0,154.0,5827.0,31893.0,28097.0,3797.0,24163.0,21195.0,2968.0,6515.0,480.0,271.0,16897.0
2023,Year,County,DE,Delaware,New Castle,10003,95576.0,82464.0,13112.0,81099.0,533.0,80566.0,14478.0,516.0,13961.0,86966.0,73863.0,13103.0,73026.0,61852.0,11174.0,15891.0,1276.0,615.0,55244.0
2023,Year,County,DE,Delaware,Sussex,10005,63963.0,58437.0,5526.0,57439.0,224.0,57215.0,6524.0,182.0,6341.0,60282.0,54760.0,5522.0,46307.0,42878.0,3429.0,7887.0,668.0,431.0,37321.0
2023,Year,County,DE,Delaware,Unknown,10999,*,*,*,*,*,*,*,*,*,*,*,*,*,*,*,*,*,*,*
2023,Year,State,DC,District of Columbia,Total,11,91051.0,76569.0,14481.0,76007.0,979.0,75027.0,15044.0,984.0,14060.0,74444.0,60015.0,14429.0,54023.0,40142.0,13881.0,33240.0,838.0,135.0,19810.0
2023,Year,County,DC,District of Columbia,District of Columbia,11001,91050.0,76568.0,14481.0,76006.0,979.0,75026.0,15044.0,984.0,14060.0,74444.0,60015.0,14429.0,54023.0,40142.0,13881.0,33240.0,838.0,135.0,19810.0
2023,Year,County,DC,District of Columbia,Unknown,11999,*,*,*,*,*,*,*,*,*,*,*,*,*,*,*,*,*,*,*
2023,Year,State,FL,Florida,Total,12,4295216.0,2468028.0,1827188.0,3747063.0,18045.0,3729018.0,548153.0,15765.0,532388.0,4026464.0,2199974.0,1826490.0,3236490.0,1499355.0,1737136.0,837382.0,60708.0,27120.0,2311280.0
2023,Year,County,FL,Florida,Alachua,12001,41489.0,32424.0,9065.0,35453.0,178.0,35275.0,6036.0,204.0,5832.0,37008.0,27949.0,9059.0,25258.0,16774.0,8484.0,7335.0,566.0,220.0,17137.0
2023,Year,County,FL,Florida,Baker,12003,4626.0,3339.0,1287.0,3571.0,19.0,3552.0,1055.0,27.0,1028.0,4344.0,3057.0,1287.0,3192.0,1948.0,1244.0,1008.0,151.0,43.0,1990.0
2023,Year,County,FL,Florida,Bay,12005,37007.0,28543.0,8464.0,30400.0,138.0,30261.0,6608.0,151.0,6456.0,35094.0,26630.0,8464.0,22195.0,14206.0,7989.0,6584.0,657.0,288.0,14666.0
2023,Year,County,FL,Florida,Bradford,12007,5458.0,4011.0,1447.0,4406.0,32.0,4374.0,1052.0,32.0,1019.0,5129.0,3684.0,1446.0,3579.0,2200.0,1379.0,1263.0,128.0,40.0,2149.0
2023,Year,County,FL,Florida,Brevard,12009,147810.0,91948.0,55862.0,127329.0,589.0,126740.0,20481.0,434.0,20047.0,139076.0,83230.0,55846.0,101053.0,48509.0,52544.0,19748.0,2127.0,1076.0,78102.0
2023,Year,County,FL,Florida,Broward,12011,307738.0,139915.0,167823.0,272414.0,1711.0,270703.0,35324.0,1539.0,33785.0,283220.0,115436.0,167784.0,246946.0,82414.0,164531.0,72490.0,5206.0,2033.0,167217.0
2023,Year,County,FL,Florida,Calhoun,12013,2770.0,1911.0,859.0,2239.0,*,*,531.0,*,*,2647.0,1789.0,858.0,1977.0,1138.0,839.0,820.0,71.0,27.0,1060.0
2023,Year,County,FL,Florida,Charlotte,12015,64530.0,42743.0,21787.0,57920.0,172.0,57748.0,6610.0,85.0,6525.0,61863.0,40094.0,21769.0,48559.0,29697.0,18862.0,6190.0,643.0,328.0,41397.0
2023,Year,County,FL,Florida,Citrus,12023,55629.0,35856.0,19773.0,48381.0,144.0,48237.0,7249.0,86.0,7163.0,53289.0,33527.0,19762.0,40825.0,22963.0,17862.0,7269.0,789.0,448.0,32320.0
2023,Year,County,FL,Florida,Clay,12019,39048.0,28632.0,10416.0,33485.0,140.0,33345.0,5563.0,124.0,5439.0,36464.0,26052.0,10412.0,22656.0,12884.0,9772.0,4883.0,545.0,231.0,16997.0
2023,Year,County,FL,Florida,Collier,12021,93319.0,72011.0,21308.0,88256.0,277.0,87980.0,5063.0,155.0,4908.0,88461.0,67173.0,21288.0,69910.0,52080.0,17830.0,7297.0,699.0,270.0,61644.0
2023,Year,County,FL,Florida,Columbia,12023,14952.0,11043.0,3909.0,12004.0,78.0,11926.0,2948.0,66.0,2882.0,13678.0,9770.0,3908.0,9636.0,5947.0,3689.0,3526.0,274.0,121.0,5715.0
2023,Year,County,FL,Florida,DeSoto,12027,6898.0,4936.0,1962.0,5737.0,44.0,5692.0,1161.0,34.0,1128.0,6567.0,4607.0,1960.0,4991.0,3248.0,1743.0,1531.0,122.0,76.0,3261.0
2023,Year,County,FL,Florida,Dixie,12029,4006.0,2894.0,1111.0,3165.0,15.0,3150.0,841.0,*,*,3731.0,2619.0,1111.0,2746.0,1706.0,1040.0,1132.0,99.0,61.0,1455.0
2023,Year,County,FL,Florida,Duval,12031,153786.0,98983.0,54803.0,126569.0,1004.0,125565.0,27217.0,1163.0,26054.0,142089.0,87296.0,54792.0,106207.0,53374.0,52834.0,33807.0,2659.0,1230.0,68511.0
2023,Year,County,FL,Florida,Escambia,12033,66717.0,46260.0,20456.0,54300.0,353.0,53947.0,12416.0,359.0,12058.0,62573.0,42124.0,20449.0,40281.0,20690.0,19591.0,13150.0,1112.0,452.0,25567.0
2023,Year,County,FL,Florida,Flagler,12035,34639.0,20168.0,14472.0,30949.0,118.0,30832.0,3690.0,68.0,3622.0,33022.0,18555.0,14467.0,25960.0,12835.0,13125.0,3331.0,386.0,174.0,22069.0
2023,Year,County,FL,Florida,Franklin,12037,2816.0,1966.0,851.0,2488.0,*,*,328.0,*,*,2660.0,1810.0,851.0,1992.0,1187.0,805.0,505.0,51.0,23.0,1414.0
2023,Year,County,FL,Florida,Gadsden,12039,9777.0,4661.0,5116.0,7680.0,48.0,7632.0,2097.0,70.0,2027.0,8984.0,3868.0,5116.0,7406.0,2334.0,5072.0,2563.0,286.0,79.0,4478.0
2023,Year,County,FL,Florida,Gilchrist,12041,3792.0,2841.0,951.0,3142.0,12.0,3130.0,650.0,*,*,3527.0,2577.0,950.0,2459.0,1580.0,879.0,759.0,80.0,34.0,1586.0
2023,Year,County,FL,Florida,Glades,12043,2436.0,1629.0,807.0,2093.0,*,*,343.0,*,*,2303.0,1497.0,807.0,1732.0,994.0,738.0,440.0,34.0,16.0,1242.0
2023,Year,County,FL,Florida,Gulf,12045,3675.0,2876.0,800.0,3118.0,13.0,3104.0,558.0,14.0,544.0,3510.0,2711.0,800.0,2506.0,1741.0,766.0,691.0,57.0,32.0,1727.0
2023,Year,County,FL,Florida,Hamilton,12047,2804.0,2138.0,666.0,2231.0,*,*,573.0,19.0,554.0,2625.0,1959.0,666.0,1992.0,1354.0,638.0,804.0,57.0,27.0,1104.0
2023,Year,County,FL,Florida,Hardee,12049,4346.0,3071.0,1276.0,3585.0,30.0,3555.0,761.0,28.0,733.0,4129.0,2853.0,1276.0,3311.0,2115.0,1196.0,1278.0,112.0,44.0,1877.0
2023,Year,County,FL,Florida,Hendry,12051,5524.0,3953.0,1571.0,4556.0,31.0,4524.0,968.0,41.0,928.0,5170.0,3599.0,1571.0,4082.0,2589.0,1493.0,1786.0,125.0,49.0,2122.0
2023,Year,County,FL,Florida,Hernando,12053,57252.0,26855.0,30397.0,48037.0,101.0,47936.0,9215.0,115.0,9100.0,54849.0,24462.0,30388.0,45080.0,16426.0,28654.0,8124.0,880.0,467.0,35609.0
2023,Year,County,FL,Florida,Highlands,12055,32098.0,21424.0,10674.0,28290.0,142.0,28147.0,3808.0,98.0,3710.0,30822.0,20156.0,10666.0,23577.0,14313.0,9264.0,5079.0,452.0,253.0,17793.0
2023,Year,County,FL,Florida,Hillsborough,12057,221810.0,115571.0,106239.0,184823.0,968.0,183856.0,36986.0,1073.0,35913.0,205186.0,98980.0,106206.0,166922.0,65809.0,101114.0,50082.0,3338.0,1481.0,112020.0
2023,Year,County,FL,Florida,Holmes,12059,4684.0,3665.0,1020.0,3718.0,*,*,967.0,20.0,947.0,4480.0,3460.0,1020.0,3049.0,2074.0,975.0,1253.0,126.0,60.0,1611.0
2023,Year,County,FL,Florida,Indian River,12061,48674.0,36261.0,12413.0,43976.0,194.0,43782.0,4699.0,89.0,4610.0,46371.0,33962.0,12409.0,35495.0,24522.0,10973.0,5130.0,451.0,255.0,29659.0
2023,Year,County,FL,Florida,Jackson,12063,11093.0,8620.0,2473.0,8710.0,51.0,8659.0,2384.0,50.0,2334.0,10543.0,8071.0,2472.0,6968.0,4609.0,2358.0,2742.0,253.0,100.0,3873.0
2023,Year,County,FL,Florida,Jefferson,12065,3415.0,1828.0,1588.0,2918.0,15.0,2903.0,498.0,14.0,484.0,3138.0,1551.0,1586.0,2497.0,934.0,1563.0,731.0,63.0,24.0,1679.0
2023,Year,County,FL,Florida,Lafayette,12067,1070.0,850.0,220.0,871.0,*,*,199.0,*,*,1018.0,798.0,219.0,761.0,548.0,214.0,272.0,18.0,12.0,459.0
2023,Year,County,FL,Florida,Lake,12069,96351.0,61597.0,34754.0,85041.0,303.0,84738.0,11310.0,261.0,11049.0,91656.0,56927.0,34728.0,70666.0,39096.0,31570.0,12114.0,1238.0,602.0,56712.0
2023,Year,County,FL,Florida,Lee,12071,180410.0,121069.0,59341.0,162641.0,526.0,162115.0,17769.0,427.0,17342.0,170710.0,111424.0,59285.0,135976.0,83699.0,52277.0,19866.0,1803.0,894.0,113413.0
2023,Year,County,FL,Florida,Leon,12073,41571.0,22060.0,19511.0,36016.0,136.0,35880.0,5556.0,152.0,5404.0,36727.0,17222.0,19506.0,28432.0,9167.0,19265.0,6211.0,544.0,176.0,21500.0
2023,Year,County,FL,Florida,Levy,12075,11140.0,7802.0,3338.0,9246.0,31.0,9215.0,1893.0,33.0,1861.0,10344.0,7006.0,3338.0,7700.0,4603.0,3098.0,2459.0,276.0,143.0,4822.0
2023,Year,County,FL,Florida,Liberty,12077,1331.0,788.0,542.0,1007.0,*,*,324.0,*,*,1254.0,712.0,542.0,955.0,419.0,536.0,342.0,55.0,24.0,534.0
2023,Year,County,FL,Florida,Madison,12079,4163.0,3007.0,1156.0,3361.0,29.0,3332.0,802.0,18.0,784.0,3902.0,2748.0,1154.0,3015.0,1890.0,1125.0,1147.0,106.0,43.0,1719.0
2023,Year,County,FL,Florida,Manatee,12081,93725.0,60743.0,32982.0,84439.0,320.0,84119.0,9286.0,224.0,9062.0,88245.0,55290.0,32955.0,70110.0,40336.0,29774.0,10142.0,873.0,511.0,58584.0
2023,Year,County,FL,Florida,Marion,12083,108704.0,62428.0,46276.0,94424.0,342.0,94083.0,14279.0,275.0,14005.0,103657.0,57401.0,46256.0,81783.0,38739.0,43044.0,16173.0,1714.0,860.0,63037.0
2023,Year,County,FL,Florida,Martin,12085,43789.0,31815.0,11974.0,40510.0,105.0,40404.0,3279.0,58.0,3222.0,41405.0,29438.0,11967.0,32085.0,21419.0,10666.0,3494.0,348.0,203.0,28040.0
2023,Year,County,FL,Florida,Miami-Dade,12086,448247.0,154817.0,293431.0,402957.0,2644.0,400313.0,45290.0,2037.0,43253.0,422559.0,129185.0,293374.0,394765.0,102298.0,292467.0,204915.0,6914.0,2372.0,180564.0
2023,Year,County,FL,Florida,Monroe,12087,16446.0,14521.0,1925.0,14946.0,40.0,14906.0,1500.0,29.0,1471.0,15113.0,13193.0,1920.0,10471.0,8840.0,1631.0,2082.0,180.0,58.0,8151.0
2023,Year,County,FL,Florida,Nassau,12089,19754.0,14227.0,5527.0,17351.0,56.0,17294.0,2403.0,41.0,2362.0,18544.0,13021.0,5523.0,13806.0,8607.0,5199.0,2190.0,239.0,118.0,11259.0
2023,Year,County,FL,Florida,Okaloosa,12091,38297.0,31845.0,6452.0,32907.0,211.0,32696.0,5390.0,153.0,5237.0,36320.0,29872.0,6448.0,17536.0,11472.0,6064.0,4746.0,442.0,195.0,12153.0
2023,Year,County,FL,Florida,Okeechobee,12093,8132.0,5109.0,3024.0,6652.0,29.0,6623.0,1481.0,41.0,1440.0,7641.0,4617.0,3024.0,6015.0,3153.0,2861.0,1859.0,169.0,73.0,3914.0
2023,Year,County,FL,Florida,Orange,12095,176319.0,93035.0,83284.0,145565.0,966.0,144600.0,30754.0,1149.0,29604.0,161256.0,77984.0,83271.0,130685.0,49185.0,81499.0,45337.0,3674.0,1522.0,80152.0
2023,Year,County,FL,Florida,Osceola,12097,55954.0,23056.0,32897.0,43747.0,302.0,43445.0,12206.0,324.0,11882.0,51906.0,19014.0,32892.0,44138.0,12008.0,32130.0,16488.0,1437.0,574.0,25638.0
2023,Year,County,FL,Florida,Palm Beach,12099,310102.0,193650.0,116451.0,285148.0,1357.0,283791.0,24953.0,1020.0,23933.0,290212.0,173776.0,116436.0,243305.0,131975.0,111330.0,41772.0,3316.0,1339.0,196877.0
2023,Year,County,FL,Florida,Pasco,12101,125755.0,58278.0,67477.0,105018.0,381.0,104637.0,20737.0,310.0,20428.0,118754.0,51296.0,67458.0,98794.0,34847.0,63947.0,21596.0,1801.0,987.0,74411.0
2023,Year,County,FL,Florida,Pinellas,12103,235427.0,124734.0,110693.0,203105.0,890.0,202215.0,32322.0,755.0,31567.0,218979.0,108334.0,110646.0,180227.0,74451.0,105776.0,40312.0,2770.0,1487.0,135657.0
2023,Year,County,FL,Florida,Polk,12105,146779.0,73833.0,72946.0,122265.0,550.0,121715.0,24513.0,618.0,23896.0,138322.0,65413.0,72909.0,114038.0,44685.0,69353.0,29412.0,2570.0,1289.0,80767.0
2023,Year,County,FL,Florida,Putnam,12107,18754.0,12732.0,6022.0,15177.0,81.0,15096.0,3576.0,81.0,3496.0,17604.0,11584.0,6020.0,13444.0,7673.0,5771.0,4556.0,427.0,194.0,8267.0
2023,Year,County,FL,Florida,Santa Rosa,12113,32468.0,22857.0,9611.0,27048.0,131.0,26918.0,5420.0,78.0,5343.0,30527.0,20922.0,9605.0,19142.0,10035.0,9106.0,4474.0,480.0,194.0,13994.0
2023,Year,County,FL,Florida,Sarasota,12115,134739.0,97643.0,37097.0,124764.0,375.0,124389.0,9976.0,177.0,9798.0,128255.0,91213.0,37043.0,100756.0,68817.0,31939.0,11247.0,1013.0,523.0,87974.0
2023,Year,County,FL,Florida,Seminole,12117,76064.0,44756.0,31309.0,66200.0,318.0,65882.0,9865.0,289.0,9575.0,69955.0,38653.0,31302.0,55298.0,24986.0,30312.0,11860.0,1250.0,561.0,41626.0
2023,Year,County,FL,Florida,St. Johns,12109,50092.0,37197.0,12895.0,45431.0,172.0,45259.0,4661.0,103.0,4558.0,46642.0,33758.0,12884.0,33888.0,22197.0,11691.0,4402.0,426.0,174.0,28886.0
2023,Year,County,FL,Florida,St. Lucie,12111,73820.0,45204.0,28617.0,63379.0,309.0,63070.0,10441.0,304.0,10138.0,69524.0,40917.0,28607.0,55437.0,28987.0,26450.0,11587.0,1016.0,466.0,42368.0
2023,Year,County,FL,Florida,Sumter,12119,68315.0,41660.0,26655.0,65129.0,133.0,64996.0,3186.0,54.0,3132.0,66576.0,39950.0,26626.0,52623.0,29284.0,23339.0,3027.0,330.0,156.0,49110.0
2023,Year,County,FL,Florida,Suwannee,12121,10825.0,8190.0,2634.0,8932.0,39.0,8894.0,1892.0,33.0,1860.0,10093.0,7459.0,2633.0,7407.0,4927.0,2481.0,2488.0,214.0,102.0,4604.0
2023,Year,County,FL,Florida,Taylor,12123,4780.0,3633.0,1147.0,3930.0,17.0,3913.0,851.0,*,*,4464.0,3316.0,1147.0,3186.0,2097.0,1089.0,1052.0,101.0,44.0,1988.0
2023,Year,County,FL,Florida,Union,12125,2058.0,1572.0,486.0,1600.0,14.0,1586.0,458.0,*,*,1896.0,1410.0,486.0,1263.0,789.0,474.0,502.0,40.0,25.0,696.0
2023,Year,County,FL,Florida,Volusia,12127,140202.0,72887.0,67315.0,121312.0,484.0,120828.0,18890.0,423.0,18467.0,132448.0,65158.0,67290.0,107211.0,43585.0,63626.0,21785.0,1886.0,946.0,82595.0
2023,Year,County,FL,Florida,Wakulla,12129,5670.0,2824.0,2846.0,4780.0,15.0,4765.0,890.0,13.0,877.0,5109.0,2263.0,2845.0,4060.0,1270.0,2790.0,849.0,94.0,52.0,3065.0
2023,Year,County,FL,Florida,Walton,12131,13966.0,10451.0,3515.0,12004.0,47.0,11957.0,1962.0,41.0,1920.0,13126.0,9613.0,3513.0,8916.0,5638.0,3277.0,1910.0,214.0,93.0,6697.0
2023,Year,County,FL,Florida,Washington,12133,5374.0,4177.0,1197.0,4212.0,25.0,4187.0,1162.0,25.0,1137.0,5168.0,3972.0,1196.0,3558.0,2438.0,1120.0,1385.0,133.0,45.0,1995.0
2023,Year,County,FL,Florida,Unknown,12999,*,*,*,*,*,*,*,*,*,*,*,*,*,*,*,*,*,*,*
2023,Year,State,GA,Georgia,Total,13,1624056.0,1051459.0,572597.0,1340409.0,10204.0,1330206.0,283647.0,12391.0,271256.0,1491383.0,919605.0,571778.0,1176157.0,627634.0,548524.0,326988.0,48015.0,14674.0,786481.0
2023,Year,County,GA,Georgia,Appling,13001,3696.0,2561.0,1135.0,2992.0,22.0,2970.0,704.0,22.0,682.0,3486.0,2352.0,1134.0,2759.0,1654.0,1106.0,1008.0,132.0,48.0,1572.0
2023,Year,County,GA,Georgia,Atkinson,13003,1351.0,924.0,427.0,1033.0,11.0,1022.0,318.0,*,*,1263.0,836.0,427.0,1031.0,611.0,420.0,442.0,*,*,518.0
2023,Year,County,GA,Georgia,Bacon,13005,2126.0,1460.0,666.0,1632.0,12.0,1620.0,494.0,15.0,479.0,2028.0,1366.0,662.0,1660.0,998.0,662.0,594.0,91.0,31.0,944.0
2023,Year,County,GA,Georgia,Baker,13007,658.0,441.0,217.0,526.0,*,*,132.0,*,*,619.0,402.0,217.0,510.0,295.0,214.0,242.0,*,*,235.0
2023,Year,County,GA,Georgia,Baldwin,13009,8401.0,4732.0,3669.0,6421.0,60.0,6360.0,1981.0,92.0,1889.0,7810.0,4142.0,3668.0,6335.0,2752.0,3583.0,1705.0,254.0,80.0,4296.0
2023,Year,County,GA,Georgia,Banks,13011,3630.0,2380.0,1250.0,2917.0,12.0,2905.0,713.0,13.0,700.0,3411.0,2161.0,1250.0,2748.0,1616.0,1132.0,860.0,102.0,37.0,1749.0
2023,Year,County,GA,Georgia,Barrow,13013,11748.0,7336.0,4412.0,9368.0,52.0,9316.0,2379.0,70.0,2310.0,10856.0,6446.0,4410.0,8871.0,4663.0,4208.0,2404.0,393.0,145.0,5929.0
2023,Year,County,GA,Georgia,Bartow,13015,17641.0,11745.0,5896.0,14067.0,101.0,13966.0,3574.0,113.0,3461.0,16537.0,10641.0,5895.0,13076.0,7408.0,5668.0,3455.0,603.0,197.0,8821.0
2023,Year,County,GA,Georgia,Ben Hill,13017,3638.0,2431.0,1207.0,2764.0,25.0,2739.0,874.0,28.0,846.0,3466.0,2260.0,1207.0,2815.0,1655.0,1160.0,1264.0,145.0,47.0,1359.0
2023,Year,County,GA,Georgia,Berrien,13019,3733.0,2609.0,1125.0,2906.0,21.0,2885.0,828.0,20.0,808.0,3523.0,2400.0,1123.0,2731.0,1638.0,1093.0,1149.0,117.0,60.0,1406.0
2023,Year,County,GA,Georgia,Bibb,13021,30028.0,18852.0,11177.0,23281.0,316.0,22964.0,6748.0,352.0,6396.0,27548.0,16373.0,11174.0,21457.0,10828.0,10629.0,8045.0,1010.0,272.0,12130.0
2023,Year,County,GA,Georgia,Bleckley,13023,2499.0,1889.0,610.0,1997.0,17.0,1980.0,502.0,14.0,489.0,2352.0,1742.0,610.0,1500.0,914.0,587.0,555.0,80.0,23.0,842.0
2023,Year,County,GA,Georgia,Brantley,13025,3289.0,2387.0,902.0,2453.0,14.0,2439.0,836.0,15.0,821.0,3124.0,2226.0,899.0,2377.0,1504.0,873.0,839.0,120.0,48.0,1370.0
2023,Year,County,GA,Georgia,Brooks,13027,3452.0,2432.0,1020.0,2759.0,24.0,2735.0,693.0,32.0,662.0,3241.0,2224.0,1018.0,2540.0,1543.0,997.0,1144.0,130.0,39.0,1227.0
2023,Year,County,GA,Georgia,Bryan,13029,5135.0,3329.0,1806.0,4285.0,15.0,4270.0,850.0,18.0,833.0,4720.0,2917.0,1803.0,3389.0,1633.0,1755.0,769.0,138.0,56.0,2426.0
2023,Year,County,GA,Georgia,Bulloch,13031,9749.0,6886.0,2863.0,7912.0,54.0,7858.0,1837.0,61.0,1776.0,9094.0,6238.0,2856.0,7177.0,4436.0,2741.0,2216.0,297.0,90.0,4574.0
2023,Year,County,GA,Georgia,Burke,13033,4397.0,2641.0,1756.0,3421.0,46.0,3375.0,976.0,52.0,924.0,4081.0,2326.0,1755.0,3264.0,1537.0,1726.0,1334.0,181.0,53.0,1696.0
2023,Year,County,GA,Georgia,Butts,13035,4583.0,2702.0,1881.0,3630.0,30.0,3601.0,953.0,21.0,932.0,4284.0,2403.0,1881.0,3467.0,1660.0,1807.0,1081.0,145.0,50.0,2192.0
2023,Year,County,GA,Georgia,Calhoun,13037,1182.0,766.0,416.0,933.0,15.0,918.0,249.0,23.0,226.0,1114.0,698.0,416.0,925.0,515.0,410.0,450.0,*,*,418.0
2023,Year,County,GA,Georgia,Camden,13039,7986.0,6097.0,1889.0,6537.0,49.0,6488.0,1450.0,47.0,1402.0,7410.0,5524.0,1886.0,4737.0,2977.0,1759.0,1172.0,192.0,76.0,3298.0
2023,Year,County,GA,Georgia,Candler,13043,2216.0,1471.0,745.0,1744.0,12.0,1732.0,472.0,*,*,2062.0,1316.0,745.0,1727.0,1002.0,726.0,717.0,88.0,21.0,901.0
2023,Year,County,GA,Georgia,Carroll,13045,19882.0,12878.0,7004.0,15725.0,87.0,15638.0,4157.0,113.0,4044.0,18678.0,11677.0,7001.0,15021.0,8373.0,6649.0,4209.0,713.0,218.0,9881.0
2023,Year,County,GA,Georgia,Catoosa,13047,12967.0,9223.0,3744.0,10713.0,37.0,10676.0,2254.0,36.0,2218.0,12202.0,8459.0,3743.0,9862.0,6278.0,3585.0,2166.0,463.0,173.0,7060.0
2023,Year,County,GA,Georgia,Charlton,13049,2053.0,1519.0,534.0,1562.0,15.0,1547.0,491.0,13.0,479.0,1925.0,1392.0,533.0,1472.0,957.0,515.0,575.0,75.0,25.0,796.0
2023,Year,County,GA,Georgia,Chatham,13051,47408.0,29508.0,17900.0,40376.0,327.0,40049.0,7032.0,366.0,6666.0,43776.0,25883.0,17893.0,33685.0,16418.0,17267.0,8453.0,1283.0,341.0,23609.0
2023,Year,County,GA,Georgia,Chattahoochee,13053,580.0,373.0,207.0,422.0,*,*,158.0,*,*,545.0,338.0,207.0,352.0,148.0,205.0,150.0,*,*,177.0
2023,Year,County,GA,Georgia,Chattooga,13055,5568.0,3582.0,1987.0,4140.0,31.0,4109.0,1428.0,21.0,1407.0,5336.0,3349.0,1987.0,4388.0,2432.0,1957.0,1588.0,247.0,87.0,2467.0
2023,Year,County,GA,Georgia,Cherokee,13057,36730.0,23744.0,12986.0,33075.0,134.0,32941.0,3656.0,144.0,3512.0,33779.0,20801.0,12978.0,26853.0,14761.0,12092.0,2945.0,615.0,216.0,23077.0
2023,Year,County,GA,Georgia,Clarke,13059,16191.0,10856.0,5335.0,12953.0,90.0,12864.0,3237.0,128.0,3109.0,14923.0,9594.0,5329.0,12386.0,7198.0,5188.0,3671.0,432.0,140.0,8142.0
2023,Year,County,GA,Georgia,Clay,13061,756.0,477.0,278.0,631.0,*,*,125.0,*,*,714.0,439.0,274.0,584.0,320.0,265.0,252.0,20.0,12.0,301.0
2023,Year,County,GA,Georgia,Clayton,13063,33549.0,18079.0,15470.0,24781.0,322.0,24459.0,8768.0,575.0,8193.0,29945.0,14511.0,15434.0,24615.0,9475.0,15140.0,9412.0,1403.0,369.0,13431.0
2023,Year,County,GA,Georgia,Clinch,13065,1426.0,991.0,436.0,1034.0,*,*,392.0,*,*,1345.0,910.0,436.0,1100.0,671.0,430.0,501.0,69.0,17.0,514.0
2023,Year,County,GA,Georgia,Cobb,13067,96954.0,63551.0,33403.0,86139.0,469.0,85670.0,10815.0,618.0,10197.0,87067.0,53695.0,33372.0,69943.0,38233.0,31711.0,10784.0,1899.0,547.0,56714.0
2023,Year,County,GA,Georgia,Coffee,13069,6918.0,4742.0,2176.0,5189.0,53.0,5136.0,1730.0,64.0,1666.0,6529.0,4353.0,2176.0,5320.0,3200.0,2120.0,2112.0,332.0,89.0,2786.0
2023,Year,County,GA,Georgia,Colquitt,13071,8669.0,6011.0,2658.0,6734.0,56.0,6678.0,1935.0,69.0,1866.0,8210.0,5555.0,2655.0,6501.0,3930.0,2571.0,2640.0,305.0,103.0,3453.0
2023,Year,County,GA,Georgia,Columbia,13073,21187.0,14996.0,6190.0,18333.0,97.0,18236.0,2854.0,105.0,2748.0,19348.0,13160.0,6188.0,12549.0,6615.0,5935.0,2161.0,347.0,106.0,9936.0
2023,Year,County,GA,Georgia,Cook,13075,3395.0,2375.0,1020.0,2678.0,17.0,2661.0,717.0,36.0,681.0,3197.0,2179.0,1018.0,2517.0,1513.0,1004.0,1031.0,128.0,34.0,1324.0
2023,Year,County,GA,Georgia,Coweta,13077,21571.0,13815.0,7756.0,18362.0,116.0,18246.0,3209.0,115.0,3094.0,19804.0,12059.0,7745.0,15457.0,8013.0,7444.0,2882.0,528.0,163.0,11884.0
2023,Year,County,GA,Georgia,Crawford,13079,2533.0,1566.0,966.0,1992.0,13.0,1979.0,541.0,26.0,515.0,2381.0,1415.0,966.0,1788.0,883.0,906.0,584.0,98.0,28.0,1078.0
2023,Year,County,GA,Georgia,Crisp,13081,4343.0,2809.0,1534.0,3468.0,42.0,3426.0,875.0,53.0,823.0,4081.0,2548.0,1534.0,3339.0,1865.0,1474.0,1390.0,149.0,46.0,1755.0
2023,Year,County,GA,Georgia,Dade,13083,3493.0,2459.0,1034.0,2831.0,15.0,2817.0,662.0,*,*,3300.0,2266.0,1034.0,2657.0,1682.0,975.0,720.0,141.0,60.0,1736.0
2023,Year,County,GA,Georgia,Dawson,13085,4626.0,3200.0,1427.0,4031.0,19.0,4013.0,595.0,14.0,581.0,4310.0,2886.0,1425.0,3501.0,2195.0,1307.0,589.0,109.0,33.0,2771.0
2023,Year,County,GA,Georgia,DeKalb,13089,97995.0,55373.0,42622.0,81215.0,845.0,80370.0,16780.0,1110.0,15670.0,86122.0,43599.0,42524.0,72504.0,31332.0,41172.0,20594.0,3055.0,837.0,48018.0
2023,Year,County,GA,Georgia,Decatur,13087,5564.0,3936.0,1628.0,4322.0,41.0,4281.0,1242.0,48.0,1195.0,5253.0,3633.0,1621.0,4134.0,2576.0,1558.0,1653.0,175.0,66.0,2240.0
2023,Year,County,GA,Georgia,Dodge,13091,4044.0,2881.0,1163.0,3093.0,25.0,3069.0,950.0,35.0,916.0,3825.0,2662.0,1163.0,2857.0,1738.0,1118.0,1172.0,190.0,41.0,1453.0
2023,Year,County,GA,Georgia,Dooly,13093,2262.0,1489.0,772.0,1798.0,21.0,1777.0,463.0,26.0,438.0,2092.0,1321.0,770.0,1649.0,893.0,757.0,731.0,71.0,20.0,827.0
2023,Year,County,GA,Georgia,Dougherty,13095,17008.0,11151.0,5857.0,13419.0,179.0,13240.0,3588.0,213.0,3375.0,15806.0,9952.0,5854.0,12290.0,6608.0,5682.0,5117.0,560.0,168.0,6445.0
2023,Year,County,GA,Georgia,Douglas,13097,19346.0,11842.0,7503.0,15473.0,131.0,15342.0,3873.0,222.0,3651.0,17672.0,10175.0,7497.0,13984.0,6826.0,7158.0,3438.0,593.0,174.0,9779.0
2023,Year,County,GA,Georgia,Early,13099,2344.0,1525.0,820.0,1896.0,15.0,1881.0,448.0,20.0,428.0,2189.0,1371.0,819.0,1860.0,1057.0,803.0,776.0,76.0,25.0,984.0
